userName,score,at,content
Luhur Adi Prasmono,1,2026-05-05 09:43:39,"aplikasi ribet untuk dijalankan, tidak efisien"
Wawan,1,2026-05-05 00:24:43,daftar sdh 2 minggu masih belum dikirim password.di wa hanya suruh menunggu
Rvan Utama,4,2026-05-04 01:30:45,"Banyak yang komentar minus mungkin memang ada menu yang perlu disempurnakan, cuma dulu tahun 2023 KTP hilang urus via app ini sangat sat set das des cuma setengah hari aja dr input syarat surat kehilangan dan KK di app pagi, siang langsung diinfoin oleh app bahwa KTP bs diambil di kecamatan, keren 🔥 tapi sekarang bantuin tetangga kasus yang sama malah menu e-KTP di app sekarang g ada, udh DM, komen IG dan wa semoga segera dapat tanggapan dr adminduk."
Aris Ershi HP,3,2026-04-28 04:43:12,Menu e-ktp kok ga ada
Hendra Maulana,1,2026-04-13 01:31:15,"aplikasi ga jelas , kira kira habis berapa anggaran buat aplikasi ga guna ini ?. panduan tidak lengkap, udah nunggu lama , hasilnya di tolak , ini aplikasi bukan mempermudah warga , tapi meringankan petugasnya biar bisa duduk santai sambil ngobrol"
Mansyur Hidayat,1,2026-04-11 12:53:54,Tidak Membantu Malah Membuat Ribet Udah Daftar Beberapa Kali Selalu STATUS: DITOLAK
Wito Saja,5,2026-04-08 06:17:32,cepet banget prosesnya..2 kali pengjuan karena saya kurang teliti masih ada yang belum saya lengkapi...
Andri Yusia Tarigan,5,2026-04-08 02:58:14,"akhirnya ada peningkatan daripada sebelumnya, proses pindah data keluar daerah cepet juga 1 hari proses selesai. pertahankan. terimakasih"
Tukijo Joe,5,2026-04-07 03:43:07,sangat bagus
Erlan Ridha Iswara,1,2026-04-03 15:45:16,aplikasi GK berguna
Neesha Ajengseptiana,1,2026-03-31 22:41:26,"ini mau login kok susah, padahl NIK dan No KK sudah sesuai. terus gimana datang kesana bisa?"
Danang Nugroho,1,2026-03-30 02:19:31,"Hallo Kak, saya ingin reset password namun saya kehilangan akses ke email dan nomor wasap terdaftar saat pendaftaran akun. Boleh dibantu. terima kasih."
Zafir Satria,1,2026-03-29 02:58:47,daftar aja susah. error terus. gimana mau lanjut?
Romdhon Selamet,2,2026-03-27 04:04:33,"mau pengajuan cetak ulang eKTP yg rusak koq gak ada pilihanya, trs gimana ini caranya"
roiz hidayat,1,2026-03-03 03:37:08,"ribet.. harusnya persyatanannya dari awal di beritahukan.. jadi ndak bolak balik upload, kemudian di berikan contoh pengisisan formulir nya., tidak membantu malah memperlama., mana kadang nunggu sampe 2-3 hari, itupun masi ditolak.. gara2 pengisian salahlah, syarat yg kurang lah.."
Anadz Musakif,1,2026-03-02 08:33:06,"belum bisa cetak lewat aplikasi, tetap harus datang ke tempat dukcapil ( butuh perbaikan supaya di tambah fitur donwload dokumen yang sudah lolos, sama saja bohong daftar lewat aplikasi tapi cetak dokumen harus offline datang ke lokasi tidak bisa donwload dokumen lewat aplikasi ) seperti file bpjs/npwp bisa langsung donwload dokumen lewat aplikasi online, tidak harus datang ke lokasi offline BUTUH PERBAIKAN APLIKASI SI DENOK YANG KATANYA ONLINE BIAR MUDAH"
Diani Novita Sari,1,2026-03-02 06:32:04,ngasih bintang satu aja gak ikhlas bgt. aplikasi BUOSOK!!! udh coba upload foto kk berkali kali gak bisa. padahal ukuran maks 5mb sedangkan fotonya cuma 117kb. BUOSOK ERAM COK!!!
Dwi Supriyanto,1,2026-02-27 07:40:02,aplikasi tidak banyak membantu.tolong di perbaiki.permudah dlm mengakses perubahan data dlll
Wulandari Kusuma,1,2026-02-25 04:02:41,"pilihan pelayanan tidak lengkap ,biasanya aplikasi pelayanan umum harus ada fax .tanya jawab ini kayak aplikasi tidak komunikatif ,mau pisah KK pilihannya alasan menikah padahal blm menikah ,enak off line drpd online tapi ngak jelas dan Kurang lengkap"
Lilis Lilisrahmawati,5,2026-02-24 11:27:46,gak ada menu e_ktp di apk yang baru
Prabowo Hadi,1,2026-02-17 04:24:26,malah ribet
Ray Alfafifah,1,2026-02-10 09:04:31,"DENGERIN KRITIK KITA!! sistemnya dibenerin lagi, di kasih jadwal rutin pengecekan sistem seperti ""sesuai ga KTP sama nama aslinya"", ""lupa kata sandi"", ""pendaftaran sudah ada (padahal ga pernah)"", aplikasi ini dibuat agar kita maupun para staff tidak dipersulit, bukan berarti tidak ada pengecekan secara rutin terkait aplikasi ini, kalian pindah job juga pengecekan rutin, kalau belum siap buat pindah ke sistem digital mending masih offline aja"
nisa 2006,1,2026-02-10 06:57:46,aplikasi habis di download sehari tdak bisa dibuka..
arief prasetyo,1,2026-02-09 05:38:15,seharusnya lampiran pakai legalisir photocopy sudah cukup karena harus mencari data tahun 1950 orang tua kerepotan. kan juga sistem sudah sinkron.
subkan presetyo SKP 15.2,1,2026-02-09 01:37:39,aplikasi masih tidak lengkap. susah bikin dokumen. mau ngurus offline di suruh online. tiba online gagal terus.
leftisa werdani,5,2026-02-03 11:22:06,"selalu urus akta lahir anak dan KK baru lewat sidenok. aplikasi ini sangat membantu , tidak perlu surat RT RW , tinggal foto dokumen tunggu 4-5 hari lgsg ada email masuk. padahal status di pengajuan masih proses. aplikasi no ribet ribet 👍👍👍👍"
Dwi Yadi,1,2026-02-02 09:04:15,unuseless
jeri Wahyu,1,2026-01-30 19:35:20,malah gak bisa dibuka
R&B,2,2026-01-28 11:36:23,"Aplikasi cacat, tidak bisa dibuka dan sering eror, tidak membantu sama sekali. Ujung²nya harus urus sendiri ke Dukcapil nya"
Isti Comah,2,2026-01-27 12:33:14,"ngurus akta kematian org tua,yg beda KK sendirian ....ribet bgt,Krn nik terkunci otomatis dll..data pelapor gmn ngisinya NIK-nya klau SDH terkunci...pengen LBH praktis digital tapi LBH ribet ,pdhl ngisi data perlu meluangkan waktu,apalagi yg ngisi pelupa dan S..terus pegawainya"
Ayu Liana,2,2026-01-26 08:26:18,"kalau dari kemajuan era digital ini sudah bagus, mungkin saya bisa kasih bintang 5 tapi pada masalah prosesnya untuk verifikasi terlalu lama, kalau untuk pelayanan online seharusnya bisa lebih cepat daripada manual, apalagi kalau sekarang ke kelurahan saja sudah diminta dialihkan ke online katanya tidak bisa kalau manual."
roni fauzan,1,2026-01-26 03:45:51,proses lambat
Tirta Adi Wijaya,1,2026-01-21 23:05:32,Kesalahan saya sendiri adalah Nama lengkapnya salah dan tidak dapat diubah yah blunder yang sangat fatal
Rupiah Ku,1,2026-01-21 03:02:49,sekarang tambah sulut mau ambil di ambilkan orang lain gak bisa padahal data di bawa asli semua
Hendy JP,1,2026-01-15 10:39:13,aplikasi tidak sesuai harapan. pembuatan KIA via aplikasi hanya mendapat kode pelayanan. tidak ada barcode baik di email maupun WA. petugas dukcapil hanya melayani yang membawa berkas berupa barcode
rasnalia Salsabila,1,2026-01-09 05:44:50,"aplikasinya bisa di gunakan tidak sih, login dari kemarin tidak bisa terus, sampe hp 3 tak coba semua tetep gak bisa login nanti kalo offline suruh daftar online ganti an online sudah buat login"
mohammad rizky rhomadhon,1,2026-01-08 11:18:55,aplikasi bapuk. sekelas pemerintah dana elit. aplikasi bapuk. yg paham2 saja. untuk masuk buka saja gagal trus. . engk jelas.
Iksan Mistari Santoso,1,2026-01-07 03:23:11,"aplikasi tidak berguna sama sekali , untuk daftar / login saja tidak bisa."
harun PTK,1,2026-01-06 04:42:27,lupa password ribet urusannya.. aplikasi pemerintah kok gini.
Yohana Oktaviani,1,2026-01-06 00:49:44,ini cara ngurus KTP rusak gimana ya kok di menu cuma ada playanan akta kelahiran akta kematian kartu Identitas anak perubahan biodata kartu keluarga perpindahan keluar kedatangan akta cerai lainnya udah itu aja terus cara ngurus KTP rusak gimana tolong di jawab
Laras Anditia,1,2026-01-04 13:09:11,mau nyoret nama bapak yg meninggal dipersulit. padahal ngurus dari 2021. datang ke kantor langsung suruh ngurus online tapi ngurus online juga ga bener sistemnya bikin muak
Dodok Ndodok,1,2026-01-04 10:56:11,Iki piye
Lila Yuliana,5,2026-01-04 00:42:02,Ngurus pindah kedatangan lewat aplikasi ini. Asalkan syarat lengkap semua proses jadi sat set. Hemat waktu. Semoga semakin berkembang aplikasi ini.
eL 05,2,2026-01-03 10:16:08,kenapa aplikasinya tidak bisa dibuka ya...
Ar. Nidho,1,2026-01-03 01:27:58,"barusan download tapi gak bisa dibuka ciman layar putih terus keluar sendiri, piye ki"
Arini Tika,1,2026-01-02 22:41:04,kenapa tidak bisa d buka
Nuroh Oh,1,2026-01-02 14:35:46,"sering eror dan sudah di uplod harus di uplod lagi , tdk menyelesaikan masalah"
Wichayo “Wichay”,1,2025-12-23 07:41:56,"aplikasi ga ada gunanya!! yg berdomisili diluar kota tdk bisa memperbaharui ktp yg rusak lwt aplikasi ini, hrs dtg lsg ke dukcapil..trs apa gunanya aplikasi ini??? ngabisin duit anggaran aja wkwkwk"
nosi bayu asmara,1,2025-12-23 03:27:40,"SAYA SANGAT TERKENDALA DI BAGIAN UPLOAD FOTO YG DIBATASI 5 MB SAJA. TOLONG NAIKKAN LAGI !!! (foto2 dukumen Saya, lebih dari 5 mb semua) terima kasih."
Pratita Dea P,1,2025-12-18 02:24:33,gagal login
Pebisnis Muda,1,2025-12-10 05:25:22,gak bisa masuk . password gak bisa di perbarui
zevanya Sayla,1,2025-12-08 06:45:07,baru login aja ribet! masukin no nik Dan password dah bener ttp tdk bisa. di ulang2 malah tambah ngelu!!! sangat tidak membantu. sekian terimakasih.
Taufiq Qhusyam,1,2025-12-01 07:47:35,aplikasi pemerintah se bosok ini
Ega Anugrah,5,2025-11-28 05:10:14,"sangat terbantu, mengurus kk fan akta kelahiran sangat cepat. 1 hari saja keren 🤘👍🏻"
gerry arya,1,2025-11-26 16:19:21,"aplikasi mawut. nggak jelas, susah, dikit2 pakek aplikasi. trs gunanya pns buat apa kalo semua pakek aplikasì.mana aplikasi nya nggak jelas. 🐶"
Kartika Kusuma,5,2025-11-26 03:36:49,"banyak ulasan buruk, tapi saya buat kk baru super sat set prosesnya cepat dan mudah sekali , saya upload dokumen tgl 23 malam, tgl 25 siang sudah jadi , barcode dikirim email dan bisa cetak sendiri , sangat membantu dan hemat waktu 👍 terimakasih untuk para petugas yg bekerja 🙏"
Yhogi Mulyo,1,2025-11-24 08:50:24,akun saya keblokir 403
adil jersey,1,2025-11-24 02:09:35,tidak ada perubahan
Syukur Pranoto,5,2025-11-21 15:52:35,"aplikasi sangat membantu pengajuan akte anak jam 8.54 pengajuan dikirim, 9.13 langsung di proses, besok nya akte, KK sama KIA langsung jadi 👍👍👍"
Fiant LeoPratama,5,2025-11-20 03:10:32,dr ulasan hampir buruk semua... tp ttep optimis nyoba aplikasi buat pembhruan KK Ke sistem barcode mudah . dan 2 hari proses . dan lgsung jadi. menghemat waktu dan biaya . hasil d kirim ke email. bs cetak sendri .... terimakasih ... 🙏(GRATIS)
Gaby Jade Mortar dan Konstruksi,1,2025-11-05 03:19:59,"ga membantu sama sekali, sudah dimasukin semua dan benar semua, giliran masukin foto kk ga bisa, foto tak terbaca sudah difoto ulang dan terbaca baik pas di unggah dibilang tidak bisa karena lebih dari 5mb, mending diperbaiki lagi dech aplikasinya error g bisa dihapus pula, udah ribet lemot g bisa baca foto lah. Akan bingung pada akhirnya. nyesel udah download."
Enik Priati,5,2025-10-29 14:44:23,baik banget
Catur Riyani,2,2025-10-29 14:26:42,aplikasi tdk bisa dibuka
Frozen Food,1,2025-10-29 00:43:35,"Di menu aplikasi s'dnok kok tidak ada menu pelayanan e-KTP.. halo halo halo pengembang katanya suruh online semua,kok menunya tidak lengkap, kalo tidak siap pelayanan online,tidak usah pakai online online."
Mochammad Zainil Achyar,3,2025-10-28 13:06:13,"lebih cepat sebelum ada apk ini. sekarang lambat kalau digunakan sebagai perorangan yang kurang fasilitas seperti scan, file harus Jpg/jpeg, baca buku panduan dulu/ lihat youtube, belum lagi kalau ada penolakan karena tidak ada catatan penting maksud dari upload tujuan file. contoh uload lembar 1 buku nikah- sy kira cuma 1 halaman saja yang diminta ternyata harus sampai ttd. dari KUA."
Azucena Naira,1,2025-10-28 05:48:57,aplikasinya nggak ngebantu malah bikin rumit
anggtngrh_,1,2025-10-15 07:15:25,kecamatan ungaran gk ada...
Syamsul Arifien,1,2025-10-14 06:04:38,"peraturan yang bikin ribet warga, aplikasi buruk, kinerja kurang profesional"
Moch Anis,5,2025-10-10 13:20:53,"aplikasi ini sangat membantu untuk mengurus surat Kependudukan . pelayanan cepat dan responsif , terimakasih atas aplikasi yang inovatif ini, disdukcapil semarang semakin maju,💪"
semarang faans,1,2025-10-06 23:34:59,kenapa buat login mendaftar susah banget (terjadi kesalahan terus padal mau daftarin org tua) dan di akun saya pun sudah terdaftar saya logout dan lalu mau login lagi tidak bisa ????
yudi,2,2025-10-06 01:22:53,donlod lewat iphone susah donlod lewat iphone susah
Rizki Rizal,1,2025-10-05 02:41:38,"1. Mau daftar, ada notif ""nik dan email sudah terpakai "" 2. Lupa pasword ada notif ""suruh periksa lagi Nik nya"" perbaiki hal² yang harusnya ga jadi ribet. udah jaman digital, pengurusan harus bisa full digital, tapi kalo untuk daftar biar masuk ke aplikasinya aja udah ribet. brati harus ada perbaikan lagi untuk aplikasi nya"
Toni Setiawan,1,2025-09-30 05:01:05,"aplikasi tergoblok, mempersulit, padahal udah bener semua"
Rully Novaliandri,3,2025-09-24 13:48:54,terkadang aplikasi susah untuk dibuka
Op Po,2,2025-09-24 12:31:31,ini gimana ga bisa diakses aplikasinya?
Tri Rofiah,5,2025-09-24 12:00:47,kok di buka gak bisa aplikasi si dnok nya
Rike Adelia,3,2025-09-24 10:52:44,ini kenapa ga bisa dibuka ya?
Cholit Mawardi,5,2025-09-24 10:40:06,best oke....
maulana surya,5,2025-09-18 05:27:57,cara membuat KK baru untuk pengantin baru gmna caranya ya ? minta tolong yg sudah bisa
Ulinnuhaem,5,2025-09-16 09:16:17,"mantap prosesnya cepet, ketika ditolak ada pemberitahuan lewat email untuk di revisi, tidak perlu langsung ketemu orang capil di kecamatan, hanya ngurus persyaratan di RT/RW dan kelurahan untuk mendapat surat keterangan lahir, setelah diterima pengajuan, barulah diemail pemberitahuan jika sudah selesai dan mendapat barcode dan kode, untuk cetak dokumen di mesin ADM,"
mifuda gaming,1,2025-09-15 09:32:11,online bukannya mempermudah malah mempersulit proses
Semarang,1,2025-09-15 09:01:15,aplikasi nya susah payah bikin pusing kembalikan sistem seperti dahulu aja elektronik bikin pusing urus kematian
yuwono aji,5,2025-09-12 01:47:46,"tahun 2020 mungkin masih merintis, jd masi banyak yang harus di perbaiki, namun di tahun 2025 sudah sangat mantab,, 💪🏻💪🏻💪🏻"
Novita Nouvas,1,2025-09-11 11:10:04,"aplikasi yg sangat ribet 1. sudah upload data tp tdk dpt lanjut pengajuan. 2. diluar jam kerja tdk bisa akses terutama hr libur 3.data yg blm selesai pengisian tdk sengaja keluar sistem tersimpan di pengajuan belum kirim, tp tdk bisa di lihat jelas isinya dan tdk bisa di lakukan penghapusan numpuk2 banyak di sistem minimal bisa di lihat detail jadi bisa ada koreksian kedepan keduabelah pihak siapa tau ada yg typo salah ketik jadi ada tmbol edit 4. banyak menu tp sangat tdk membantu."
okky laricci,1,2025-09-07 23:04:58,aplikasi tidak bisa dibuka
Unknow Video,1,2025-08-31 12:56:46,gak lengkap tidak ada kab Ungaran. jadi lebih susah
Tutus Cloud,5,2025-08-29 03:10:32,ok
Abdullah al chasan,1,2025-08-25 08:31:10,gabisa dipake
Ahmad Khoirudin,5,2025-08-25 02:21:01,baik
Muhammad Abu Kho,5,2025-08-22 17:52:28,"sangat mudah, kalau masih tidak paham bisa cari tutorial di youtube pun ada. setelah pengajuan hanya selang beberapa menit langsung proses, verifikasi dan langsung siap cetak dokumen. di kantor pun langsung diarahkan petugasnya, tidak perlu antri lama langsung print. semoga semua layanan publik online bisa dipermudah seperti ini. pertahankan dan tingkatkan"
Herlina Dewirosita,1,2025-08-20 13:26:29,sangat menyusahkan harusnya kan membantu tapi malah menyusahkan dg alasan karna fotokopi dokumennya yg penting kan datanya sesuai kenapa harus dipersulit
koko indra,1,2025-08-20 04:18:40,aplikasi pelayanan publik koq kayak gini..lemot banget.. gini amat ya BURUKnya..!
fuad sembung,1,2025-08-19 19:21:06,aplikasi tidak berjalan lancar (cacat)
Arman Noor,1,2025-08-15 07:55:14,"mau daftar gak bisa,padahal nik,no kk dll lengkap....trs kudu py...neng kecamatan jare kon online,neng online rk iso daftar....aku kudu pye neh cukkkkk..."
Darson S PD.,1,2025-08-10 14:31:51,"muser muser, TIDAK bisa dibuka. Percuma buat aplikasi begini, beaya proyeknya mesti guede.... (Katanya SI D'nOK - Sistem Informasi Dokumen Online Kependudukan Kota Semarang Aplikasi mobile service Dinas Kependudukan dan Pencatatan Sipil Kota Semarang, yang mempermudah akses layanan Administrasi Kependudukan secara digital, cepat, akurat dan transparan bagi sedulur warga Kota Semarang.) mana buktinya ????"
HENDRA CRISTANTO,1,2025-08-07 02:56:58,"aplikasi aneh daftar biaa , pas mau login diminta pass , tpi pass aku cek email , wa g ada notif pemberitauan pass"
Praditya Dewa,2,2025-08-05 05:29:37,Ini bagaimana ya ? saya ingin mengurus akta kelahiran anak tetapi dikolom nomor kk masih nomor kk saya yg dulu msh ikut orang tua dan tidak bisa diganti nomer kk yg ada dikolom tersebut sedangkan saya sudah punya kk sendiri .
paijo kucing,1,2025-08-02 00:14:08,aplikasinya jelek... sering error
Hary Sukses,2,2025-07-31 23:27:45,"mengapa setiap mau reset loading lama,dan tidak ada notif untuk aktifasi,tiba tiba nik dan no KK sudah tersimpan sendiri dan selalu ada keterangan tidak ada kesesuaian nik dan email ???? tolong dong setiap kendala di perhatikan ,agar masyarakat lebih mudah menggunakan,tidak ribet , apalagi buat kaum tua dan lansia..bikin pusing...ayoo Pemkot Semarang terus berinovasi,"
Abita Sajaqia,1,2025-07-30 12:21:24,"aplikasi tidak berguna, membuat rakyat tidak nyaman dengan kenerja dinas kependudukan dan pencatatan sipil kota Semarang"
Ilfa Wijaya,4,2025-07-19 05:32:52,"mantap, bermartabat"
Tri Wahyuni,4,2025-07-19 05:32:14,Bagus bagi yang paham cara menggunakannya
Ilham Backup,1,2025-07-17 02:07:35,"reset password sulit ""request time out"""
Berliana Ana,5,2025-07-13 23:41:52,oke
mitul,1,2025-07-10 08:46:13,"tahun lalu buat kk lewat aplikasi gampang banget, giliran sekarang mau login tp lupa kata sandi niatnya mau reset kata sandi trs masukin nik eh malah ga ke daftar ini gimana si aplikasi"
Alline Putri,1,2025-07-08 02:17:58,gabisa login
GoGoN,1,2025-07-07 12:56:14,ribet
Candra Novianto,1,2025-07-07 11:05:00,"bukannya mudah malah ribet, kita masyarakat yang ingin rapi data kependudukan malah dipersulit. Urus secara offline tidak bisa, urus Online ditolak trus. Lalu kami harus mengadu ke siapa untuk masalah ini???"
Revan Spoting,3,2025-07-07 09:32:28,"untuk pengajuan akte kan ada note upload berkas itu yg wajib hanya ktp ayah, SKL, sedangkan berkas buku nikah itu tidak ada note wajibNya, giliran tidak di upload kok kenapa saat ferifikasi DI TOLAK??! kalo memang buku nikah wajib di upload tolong revisi Notenya "" wajib di upload tambahi buku nikah juga jangan hanya ktp ayah, SKL, , , karena setelah pengajuan nunggunya Lama 1 mingguan... tolong itu di berkas tambahi UPLOAD WAJIB BUKU NIKAH juga biar gx di tolak lagi"
Doni Ariyanto,1,2025-07-07 02:08:48,pemerintah semarang ini sepertinya blm siap menerapkan sistim online percuma di buat klu di akses ga bisa aplikasi bobrok kyagini di terbitkan buat apa coba.....
Catur Skak,1,2025-07-03 06:10:18,"katanya semua urusan dukcapil harus online, admin tinggal klik verifikasi dan selesai, itu tidak nyampai setengah jam lah. tapi ya namanya juga aplikasi jadi kadang error, tapi ya masak gak ada pengecekan tiap jam kerja, apa perlu pegawai nya perlu peremajaan untuk sistem yang lebih baik, atau kurangnya anggaran yang masuk. yang bilang aplikasi ini membantu mempermudah iya betul,tapi tidak mempercepat terus gunanya online itu hanya sebatas mempermudah atau kah mempersulit jika warga tidak paham"
Desty awati,1,2025-07-02 01:20:10,"ngreset sandi timeout terus gimana mau pengajuan data, kalo apk kek gini mulu"
Yusuf Mahendra,1,2025-06-28 19:13:46,tidak bisa masuk
Pangkalan Sunardi,1,2025-06-28 15:14:51,"perbarui segera krn banyak kebutuhan masyarakat dg aplikasi ini, jangan dipersulit apalagi sampai menghambat banyak urusan warga Semarang"
John Valent Dee,1,2025-06-28 13:54:22,"aplikasi sering crash, giliran bisa masuk ngelag, ke kantor pun katanya semua online, tapi online ga mumpuni, menghambat pengurusan administrasi. notifikasi pengajuan ga pernah masuk, mau cek juga sering gagal masuk aplikasi. solusinya apa kalau kaya gini. katanya lebih cepat, malah makin lama karena kendala ini"
Rani Feri,1,2025-06-28 06:43:13,aplikasi nya gak bisa di buka
Dessy Yuliani,1,2025-06-28 06:42:58,"dibuatkan app online memang bagus dan mempermudah, tapi tolong diperbaiki sistemnya , sering eror"
singgih Wibisono,1,2025-06-28 05:25:24,"kenapa nggak bisa dibuka,sudah uninstal sampe instal lagi tetep aja nggak bisa dibuka,padahal saya sangat menunggu dokumen penting buat anak saya sekolah,tolonglah...."
Mohammad Taufik,1,2025-06-28 04:35:03,ini gmna ya lagi mau ngajuin TPI aplikasi tidak bisa dibukak . lha trus gunannya disuruh buat online tu apa kalo online aplikasinya tidak bisa dibukak
lina ari,1,2025-06-28 03:35:12,"nge-blank, baru buka aplikasi saja sulit bgt. Belum lagi nanti klo upload2"
Bayu Kuncoro Sejati,1,2025-06-28 02:54:06,"udah bawa berkas lengkap ke dukcapil malah disuruh daftar dari aplikasi ini, pas udh upload semua berkasnya, eh malah skrg error. busuk!"
Annas falaq Maharta,1,2025-06-28 00:57:44,aplikasi sering eror
0erip Djati,1,2025-06-27 19:34:55,"Aplikasinya Tiba tiba tdk bs di buka ,nge blank"
Roni Kurniawan,1,2025-06-27 15:42:00,"ganti walikota ganti kebijakan, semangat riwa riwi"
radenmas atmo175,1,2025-06-27 15:05:28,Aplikasinya ga bisa dibuka - klo ada pengurusan mendadak trs gimana...? Adakah alternatif lain utk mengurus pindah penduduk tnp hrs lewat aplikasi ini....?
Adhi Novianto,1,2025-06-27 13:40:12,"aplikasi bagus sekali tdk ada eror, tdk lemot, terbaik pokoknya.... tapi boong hahahaha"
Taufik Schwanstaiger,1,2025-06-27 10:28:59,"MAU NGURUS DATA HRUS ONLINE.. TP KETIKA DI AKSES GAGAL TRUS.. SERING BGEBLANK.. JARINGAN EROR... KALO BELUM SIAP DENGAN FASILITAS ONLINE YG BAIK.. MENDING KEMBALI LAGI KE POLA LAMA AJA.. TUJUAN NYA PENGEN PRAKTIS TP UJUNG""Y BIKIN KRITIS,,, EMOSI SENDIRI KALO PAS DAFTAR GK BISA"",,,"
Roni Hermawan,1,2025-06-27 03:45:23,"Aplikasi pelayanan publik lho ini... dibuka susah, banyak bug... payah!"
Cipto Leksono,5,2025-06-26 13:57:17,Layanan luar biasa super cepat......... Sangat mudah untuk update biodata KK dan pembuatan KIA.
Sonia Rista,1,2025-06-25 07:09:00,"sebenernya tujuan pembuatan aplikasinya bagus, buat mempermudah, tapi pengelola aplikasinya aja yang ga profesional, aplikasi sering error, sering gagal masuk, ngeblank dan banyak lagi kendalanya. sering2 dicek dong pengelola sering2 update juga buat ningkatin aplikasinya biar ga gampang error juga."
agus tri saputro,1,2025-06-25 05:58:43,"ngeblank, lemot"
Bayu Cahyo,1,2025-06-25 03:59:37,"lemot banget aplikasi nya,"
April Fitriyani,2,2025-06-25 03:18:19,"buat aku log in susah, kendala terus"
Okky Rista,1,2025-06-23 12:43:24,"Lemot parahhh gajelasss bgt, ngurus akta sampe 2minggu ga di verifikasi. Pdahal butuh bgtt nik anak."
Al Khansa Amru,1,2025-06-23 02:55:53,"Saran saya sebagai warga semarang, kalau memang belum mampu aplikasinya untuk skala kota semarang, coba diperbaiki dulu. server gagal terus ketika dibuka. Semoga segera mejadi aplikasi yg solutif buat warga semarang."
Christ GOLD,1,2025-06-23 02:25:17,aplikasi sering error dan sangat tidak bermanfaat dan mempersulit karena terlalu lama malahan
C_075_Zahra Cahyaningtyas,1,2025-06-20 03:28:16,"buruk, mau daftar akun aja susah"
Lazada jazz,1,2025-06-16 04:18:36,aplikasi sekelas milik pemerintah kok ancur gini susah lemot sering trobel..tolong di benahi.
pandi pras1,1,2025-06-14 12:12:04,"daftar gagal terus , mau dftar nomor sudah d pakai pdhl.jelas2 dftar gagal.terus . gmn bisa mau log in . sangat tidak membatu sistem tdk membantu"
ωoηgoρooηoηє,3,2025-06-12 03:15:22,"aplikasi bagus, gak ribet, simpel, mudah digunakan tapi sayang msh sering blank terutama kalo pagi di jam kerja dan menunggu hasilnya pun juga gak ada kepastian kapanya krn sering sangat lama bs berhari hari... istilah kayak dulu wktu mengurus offline sehari jadi sudah gak bisa lagi jadi yg buat urusan mendesak jangan harap sesuai harapan, kalo bisa satset jadilah biar semarang tambah hebatttt"
Mbhuyy,1,2025-06-11 07:39:54,burukkkkkkkkkk bgt ribet pdhl data udah komplit tapi banyak alesan di tolak terussss
Nurcahyaningsih Safitri,5,2025-06-11 05:09:55,cepat dan praktis
Sindu Aditama,1,2025-06-10 08:10:54,pengajuan surat kedatangan udh seminggu ga ada kemajuan ...
Siska Novitasari,2,2025-06-10 01:24:24,ini gimana sih mau masuk ke apl nya kok susah bgt . tlg dong
LABIB Lubab,5,2025-06-02 11:56:11,berguna bagi masa depan asyik
pemburu ikan SMG,1,2025-06-02 04:08:56,aplikasi ga guna gimna mau maju bangsa ini.. apa2 di buat ribet buka aplikasi aja lemot bangett sumpah ga berguna nie.. malah ribett buat ngurus surat2...
Rufi Luvi,5,2025-05-30 14:00:14,mudah cepat
Sisil Deden,1,2025-05-27 08:55:29,"malah makin parah di persulit mau bikin akteu ajj padahal saya sama anak saya ada hubungan darah gara"" pertama y nikah sirih padahal dinas di bayar oleh presiden untuk melayani rakyat bukan untuk mempersulit kan urusan"
Radithya,3,2025-05-27 02:47:21,"datang ke kelurahan minta pengantar perubahan KK tidak bisa karena harus diurus secara online, waktu online bingung karena tidak ada panduannya harus pilih menu yg mana dulu, setelah online diproses selama hari kerja, tapi nunggunya beberapa hari baru dapat balasan tidak bisa mendadak. mungkin adminnya perlu ditambah orang biar tidak lama memproses data yang masuk. karena kalau data ditolak pasti ngurus lagi dari awal tambah lama. menu cetak ulang KK dan akte kelahiran gak ada ya?"
Kristina Maya,1,2025-05-23 04:43:57,"Aplikasi buruk, notif ga bisa masuk, lemot, proses lama, cek status nggak update, katanya cuma 2 hari.. ditunggu smp 4 hari status nggak berubah. Status dalam proses terus,,, gak tau dahh diproses beneran apa kagak. 🤣😅 BENAR BENAR TIDAK MEMBANTU 👎👎"
Anisah aja,1,2025-05-23 01:27:38,mau tanya.. kan di pendaftaran tidak ada masukan kata sandi.. TPI kenapa waktu login harus Makai kata sandi ..kata sandinya dapat dari mana ya. bingung dengan aplikasi ini
Yusuf Sebastian,5,2025-05-22 03:51:51,bagus sangat membantu
Dafa Endhut,3,2025-05-21 12:55:43,aplikasi e koyo telek
Luthfi Anshari,1,2025-05-20 03:39:27,ga ada menu pengajuan KTP-el
irawan el afghani,1,2025-05-20 01:57:09,"sementara bintang 1, layanan publik tidak menampilkan standard jumlah hari untuk pelayanan nya, KTP berapa hari, KIA berapa hari, akta kematian berapa hari dll"
Aziz Abdul,1,2025-05-08 08:32:01,pingin ngurus sendiri ke kantor dateng ke kantor di suruh online ketika daftar gak bisa notifnya kesalahan saat daftar terus padahal data sudah sesuai semua masak harus lewat (CALO) langsung bisa di proses tanpa lewat online kan lumayan juga uangnya klo ngurus lewat ( CALO )
Muttaqin Muh,1,2025-05-05 03:43:59,ini tu data diproses kapan sudah dari tgl 02-05_2025 kok belum diproses...
Stefanus Adityatama86,5,2025-05-03 14:55:21,"meringankan, proses cepat dan bebas dari calo"
Jani Salian,1,2025-05-02 23:53:09,"aplikasi gak jelas, daftar akun dan login aja susah banget....lemooott.... lebih baik antri ngurus dikantor langsung biar ada kerjaan tuh orang kantor nyaa"
Johan Dwi,5,2025-05-02 05:14:35,"Bagus mempermudah pelayanan, ora riwa riwi.. Klu di aplikasi di buka ngeblank atau kosong ga ada menu, buka lewat playstore cari aplikasi trus buka. sy juga heran kenapa sering ngeblank apa kurang perawatan padahal apk nya sgt membantu. minta tolong lebih di evaluasi lagi untuk IT buat perawatan apk nya.. nuwun🙏🙏🙏"
gatot dwi,1,2025-05-02 04:56:26,"aplikasi erro, kapan mau diperbaiki"
Ryzqi Angelina,1,2025-04-28 14:54:50,Buat orang tua buat ngurus ini sangat sulit sedangkan jika datang langsung ke kantor langsung dijawab harus online online online dengan gayanya yg malas!
Bengkel Mobil,1,2025-04-28 05:47:33,"pak gurbernur, pak wali kota semarang, pak camat pak lurah, pak rt, pak wali muret, mbok yo di benahi aplikasine, wong yo wes reti rating bintang e elek kok ora lek ndang di penahi, pye to kih kok geding aku"
Avrilia Putri,1,2025-04-27 11:16:28,"Ketika ke kantor disuruh online tapi ketika online apk, lemot, server ilang2an terus ngleg juga, terus tiba2 keluar sendiri teros yok opoo ikii. Solusinya gmna ini ya allahh udah 2hari lohh gak bisa di akses apk nya"
Ubay Juhan,1,2025-04-27 07:21:30,"hari minggu, 27 April 2025, aplikasi tidak dapat diakses! apakah diluar jam kerja aplikasi tidak dapat diakses?"
Adi Liyas,1,2025-04-26 10:57:51,"aplikasi apa ini....mau daftar aja gak bisa masuk,,,bikin ribet"
Christo Adi,1,2025-04-26 10:54:40,"dari pagi aplikasinya ga bs dibuka, dicoba di web site pun ga bisa, kenapa....?? pdhl mau proses pengajuan kedatangan"
Dimas Achmad,1,2025-04-26 06:48:27,"gabisa dibuka dan banyak bug, niatnya mempermudah malah mempersulit"
Agung Wibowo,1,2025-04-26 05:37:45,"sering ngebug, tolong developer nya buka suara buat memperbaiki aplikasinya, kan ngga enak kalo sering ngebug+server down"
Angel Giska,3,2025-04-26 02:01:41,kenapa menu pengajuan ktp el ngga ada yaa di apk yg aku download
Musri Hartini,1,2025-04-25 09:09:40,tidak membantu sama sekali ribet dan aplikasi sering eror
paimin paimin,5,2025-04-25 03:50:08,mantabbb
Nana Rosa,1,2025-04-22 03:33:20,lemot bangeettttt... lebih baik kembali ke seperti dl datang ke kantor jadi
Sasa Ulfa,3,2025-04-22 02:58:13,"sering ngelag,selalu ngeblank lamaaaaa bgt keluar menunya,lama proses verifnya"
NS SUNG ADI,2,2025-04-21 06:49:22,Login & reset via aplikasi ini sll error; via web browser baru bs.
cukmi ningsih,1,2025-04-20 12:54:29,setiap pengajuan di tolok terus....minta dokumen asli itu sudah asli pada hal!!!!! terus saya hurus aplod yg asli gimana lagi stempel sama ttd udh jelas2 asli juga....Tolong dong di perbaiki sistemnya!!!!!!
Slamet Widodo,1,2025-04-17 23:40:36,Maaf takasih 1 bintang dulu soal belum normal dan banyak di perbaiki aqun nya.
Hanif Luqman,1,2025-04-17 04:45:12,NGELAAAAGGGGGGGG!!!!!!!!
Raissya allena,1,2025-04-17 04:45:03,aplikasi suka NGELAG !! GAJELAS !!!! GAKSUKA!!!! 😡😡😡😡 masa ngelag ber ribu ribu kali ga masuk logika !!! tolong dibenerin dong aplikasinya !!!! Saya emosi nih gara gara aplikasi INI !! jadi nambah dosa ada dech !!! 😡🤡👹👹👹
Satrio Haryo utomo,1,2025-04-16 03:06:24,TIDAK BISA LOGIIIIIIIIINNNN LEMOOOOOOTTTTT
Raihan Muhammad Farras,1,2025-04-14 03:02:09,ngeleg
AfIf channels,1,2025-04-11 01:33:58,"aplikasi kocak,, pdahal berkas udah asli semua ,udah di lampirkan semua,, masih di tolak..,"
Usna Aulia Dini,1,2025-04-10 08:58:41,boro2 mau login. bikin akun aja gagal terus GK bisa di apa2in kalau blm siap online jangan apa2 online malah dipersulit gini
Maulana Ainun Ni'am,3,2025-04-10 03:40:26,"admin wa ketika ditanya jawaban terkesan tidak benar, tidak menjelaskan justru menyarankan datang langsung ke kantor Disdukcapil kota semarang. padahal skrg sudah serba online masih disuruh ke kantor, padahal bisa dijelaskan via online"
Hamba Sahaya,5,2025-04-09 09:45:35,Masya allah cakep dan mudah
Adi P,1,2025-04-08 07:24:39,"Lemot banget, selalu blank screen, sering error, kok gt di suruh online, sedangkan Aplikasi ny aja Amburadul, Hadeh payah.. Sangat Kecewa."
Ely Ajaaa,2,2025-04-01 14:44:17,buat login doang susah banget 🤣🤣🤣
Tjan Linliang,1,2025-03-27 06:24:11,aplikasi tidak bisa digunakan login aja susah...aplikasi opo iki
Parna Tamba,1,2025-03-25 05:32:27,pelayanan nya lama
Ayu Kusuma,1,2025-03-23 13:44:06,"Mau daftar aja kaga bisa bisa, padahal butuh banget mau bikin surat pindah, aplikasi apa'an begini, katanya mempermudah klo lewat online, ini jelas mempersulit !!!!!!!!!!!!"
Point al fatihah,1,2025-03-17 09:13:52,"Padahal mau buat data penting, tapi malah error terus. MAUNYA SEMUA DI BIKIN SYSTEM INTERNET DAN MUDAH TAPI MALAH BUAT WARGA MENDERITA"
David Aryono,1,2025-03-17 05:09:29,aplikasinya gak bisa dibuka
Muhammad Fiqri,1,2025-03-17 02:12:40,"Aplikasi kocak, lupa password disuruh masukin nomor KK, padahal saya sudah pisah KK dengan ortu, sementara waktu awal regis akun masih jadi satu sama ortu. otomatis sekarang mau registrasi lupa password jadi ga singkron, masuk pakai nomor KK baru gabisa, pakai KK lama error. Terus saya harus daftarin anak saya ke KK saya bagaimanaaa???"
Kartika Kevin,1,2025-03-16 07:47:37,Aplikasi sangat lemot
Dewi Nitia,5,2025-03-12 02:49:05,"Amazed sekali sama aplikasi dukcapil ini. One solution. Saya pengajuan akte kematian tgl 8 maret 2025. Tgl 12 clear semua dari akte kematian, ktp baru, dan KK baru. Semoga selalu konsisten terus kedepannya."
Heru Murdiyanto,1,2025-03-08 04:07:43,Saya dari kemaren2 buat pengajuan pindah KK tidak bisa terus. Kendalanya di karenakan datang dukung ga lengkap katanya.padahal saya sdh bikin surat keterangan rumah sendiri tapi masih ga bisa.harus gmn cara buatnya??ribet banget mana ga ada pusat bantuanya lagi.. ??
SIGIT TS,5,2025-03-05 18:42:18,Good job 👍
Reysakha El saga,1,2025-03-03 07:45:53,"Aplikasi jembut, loading terus."
Gusti Sulaeha03,1,2025-03-03 04:00:09,Sistem layanan aplikasi BURUKK!!!! SELALU ERORR!!! Kalo buat aplikasi lebih TELITI!! informasi APLIKASI HARUSS JELASS!!! Proses jugaaa lamaaa RIBETT!!! TIDAK MEMPERMUDAH MALAH MEMPERSULIT!! UNTUK MENU KOTA/KABUPATEN TIDAK LENGKAP!!! MOHON DIPERBAIKI!!
Dessy Kusuma,1,2025-02-25 03:27:50,Astaga aplikasi apaan ini bukannya mempermudah malah mempersyulit tidak membantu sama sekali leletnya pollll huftttt
Rezha Cahyanto,1,2025-02-21 14:46:18,"Kalaw belum siap digitalisasi mending manual aja lah min .. Kalaw stay di Semarang bisa bolak balik tanyak ke dukcapil.. Say yg perantauan susah mau buat KTP baru , mau minta surat pindah dll .. Keluarga di Semarang juga ke dukcapil suruh ke APK gak jelas ini .. Tiba di ikuti APK gak jelas ini LAMA BETUL PROSES NYA .. BELUM DIGITALISASI MENDING MANUAL LAGI"
data amar,1,2025-02-19 03:28:16,"loding lama bgt, sinyal bagus, kuota ada, knpa eror gelap doang"
wswd23,1,2025-02-13 15:46:52,Ingin ku teriaaaaaak !!!! Katanya online itu mempermudah dan mempercepat. Tapi apa?? Ini tidak sama sekali malah ke balikannya. Tadinya udah positif thinking aja mikir orang kasih rating jelek karena sinyal dll. Tapi ternyata emang seperti itu. Bubarin pegawainya aja kalau kygni mah. Makan gaji buta aja.
Auliaratna Sari,1,2025-02-13 14:23:35,Aplikasi gak mutu
Lestari,1,2025-02-12 07:09:31,"Sebenarnya gak ribet, yg ribet itu lamaaaaa loadingnya kdg malah g kebaca datanya dan g bs diapa2in. Sistemnya dimodalin biar fast dan gak super lelettt."
Tata Silvia,1,2025-02-10 06:02:35,buat aplikasi harusnya mempermudah masyarakat bukan malah makin ribet mana terlalu lama . tolong diperbaiki . lebih cepat sebelumnya lsg ke kantor tidak perlu aplikasi² seperti ini👎
Ahmad Sholihin,2,2025-02-06 17:27:12,Ok selalu
dwi wulan nur aisah,1,2025-02-06 06:28:31,"Bikin ribet malah kalau mau buat surat"" untuk kependudukan. Lebih cepat kalau di urus datang ke kantor dukcapilnya langsung. Biasanya pakai online itu lebih cepat sama menghemat waktu, kok ini malah lebih lama keterangan di aplikasi cuma data bbelum di verifikasi,sudah diverifikasi tapi statusnya ditolak sudah 3 kali revisi👎👎"
albeta feriyan,2,2025-02-03 09:29:44,Ribet banget sih ini wkwk mending bikin aplikasi daftar calo ngurus surat surat dah daripada aplikasi online yg belum siap kek gini
Alkha28 Muhammad,1,2025-01-26 10:12:55,Kemarin ngurus malah bingung
Hendara Fransjaya,1,2025-01-26 05:14:26,Applikasi crash (26/01/25)
Dewi GBC,1,2025-01-23 02:31:36,Aplikasi ini sebetulnya mau mempermudah apa malah mempersulit sih..aplikasi kok rak cetho
Star Cell,1,2025-01-21 12:30:51,"aplikasi rusak,mau daftar gk bisa bisa,padahal data sdh bener semua minta tolong solusinya bagaimana ini?"
Bintang Ridwan Saputra,1,2025-01-10 03:38:11,lama pol nauzubillah
Sendang Keramat,5,2025-01-09 07:46:10,"Terimakasih team, sudah ada perubahan status pada pengajuan saya. Saya harap apk ini akan terus berkembang menjadi lebih baik, terimakasih."
Oky Prayoga,3,2025-01-08 01:52:23,Trobel kalau aplikasi jarang dibuka
Didik Aprlynto,1,2025-01-08 01:33:24,percuma bikin aplikasi disuruh daftar katanya biar cepet eh malah nyusahin nunggu di verifikasi nunggu disetujui aplikasi ga berguna developer nya mana ini?
cicilia sherly,1,2025-01-07 10:11:41,yaampun lama bgt udh 2 hari ga ada respon
Salsa Nada,1,2025-01-03 10:03:02,Aplikasi nggk jelas. Pelayanannya lelet. Malah mempersulit.
Sall Biill,1,2025-01-03 05:32:30,"Semenjak ada layanan online, pengajuan data di proses lama dan tidak segera di proses"
Yohanes Budi Setiawan,1,2024-12-31 04:09:24,Riiiibeeetttt... percuma petugas dibayar kalau kami harus ngisi semua form sndiri.. .. aplikasi pengajuan lama.. .. mau ganti biodata penambahan anak nunggu NIK di akte lahir keluar dlu.. kan gak praktis sama sekali.. .. Laaaamaaa... Ayoolah pemerintah.. udah gtu di kelurahan di kecamatan.. ga diinfo sama sekali.. .. LAMAAA.. RIBEETT.. EMOSIII... KESUUUEEENNNNN POLL
Arie Wibowo,1,2024-12-30 05:23:42,"Aplikasi bukannya mempermudah malah mempersulit,yg katanya untuk memangkas antrian nyatanya malah terjebak antrian banyak dan petugasnya cuma 1 orang di kecamatan Gajahmungkur semarang"
Edy Setia,1,2024-12-24 05:59:08,"Aplikasi kurang matang, pengerjaan lama, keterangan proses ga jelas, tidak ada pusat bantuan👎🏻"
shandy,1,2024-12-24 01:22:36,Tolol
Anita Azhari,1,2024-12-23 11:37:26,APLIKASI RIBET GAK JELASSSSS
fajar putra,1,2024-12-20 11:35:47,Sangat sangat lama . Kalo semua harus lewat online tapi waktu proses saja butuh berhari hari kalo emang belum siap online lebih baik kembali ke kecamatan seperti dulu dari pada aplikasi malah bikin mempersulit dan lama
Aldy Fauzi Wibisono,1,2024-12-20 04:39:15,Verifikasi dan proses terlalu lama mungkin 1 tahun
FAHRUDINALI AHMAD56,5,2024-12-19 06:57:12,☺️
Achmad Robboi,1,2024-12-13 08:39:24,Tutup aja aplikasi tidak membantu makah mempersulit
Dimas,1,2024-12-13 02:33:14,"Om, mbok yo nek nggawe aplikasi ampun eror"", mesti nek nggawe aplikasi kok eror terus, raiso Nglebokke data dsb, trus nek wes eror meh pie??"
War So,3,2024-12-10 03:07:42,Ok
Paul Kf,1,2024-12-09 10:43:59,Ribet
Segar Haryono,5,2024-12-09 07:53:50,Sangat bermanfaat
Pri Yono,5,2024-12-08 14:03:20,Sangat membantu dalam pembuatan data kependudukan
Siti Rahcmah,4,2024-12-05 19:42:18,ok
A A,2,2024-12-05 05:30:42,aplikasi ga bisa di buka ke force close
Duwi Hadi,1,2024-12-05 04:04:09,"Apk opooooo iki meh regristrasi wae angel mending hapus wae apk bosok, mending manual wae mesake sing wong gak duwe hp, jiangkrik"
Alif Sulton,5,2024-12-04 12:46:10,mantap
Duta Saputrajaga,5,2024-12-01 06:53:28,Mau bikin kai anak
Abdul Zumroni,1,2024-11-29 14:51:16,"Susah masuknya,ribet untuk pendaftarannya,sering eror"
mayer ebed,1,2024-11-25 04:45:54,"aplikasi ga jelas,ribetnya minta ampun mau ngurus ini itu makin susah"
koko jecko,1,2024-11-23 03:36:03,"Biasanya pakai online itu lebih cepat sama menghemat waktu, kok ini malah lebih lama keterangan di aplikasi cuma data bbelum di verifikasi. Bikin ribet malah kalau mau buat surat"" untuk kependudukan. Lebih cepat kalau di urus datang ke kantor dukcapilnya 👎👎"
Yusuf Syifaul walidain,1,2024-11-21 08:31:16,Ngisi data akte jenis kelamin laki laki.malah berubah jadi perempuan waktu jadi.py karepe !
Faisal Anas,1,2024-11-21 03:30:46,Ribet
Eskobar,4,2024-11-17 13:34:17,"Tolong lebih dipermudah lagi, beberapa kali error login, padahal ping WiFi saya rendah, sinyal stabil untuk main MOBA. Saran saya untuk login gunakan sidik jari dan face recognition aja, agar SAT.. SET.. gk pake lama. Time is money!."
Isti Juhariyah,5,2024-11-16 13:58:23,Suka
Yenny Rusmawati,2,2024-11-14 03:24:37,"Tolong,benerin aplikasi nya udah daftar gak bisa terus"
Rochmi Yati,5,2024-11-13 05:24:50,Baru tau aplikasi si d'nok mudah dan cepat. Terimakasih bapak ibu sudah membantu proses dengan cepat 🙏
awang rahnawan,3,2024-11-11 01:14:01,fitur ektp kenapa ga ada
Koko Koko,1,2024-11-03 01:33:08,"ribeet,"
Teger Erikbudioni,1,2024-10-29 13:53:25,Tidak akurat masa ngurus surat pindah seminggu lebih gk jadi jadi
Didik Triantoro,1,2024-10-29 02:24:50,"lama sekali responnya,pengajuan ulang sedari tanggal 24 Oktober sampai hari ini blm di verifikasi. kalau tidur tuh malam,jangan tidur waktu siang saat kerja"
Dewi Maria,1,2024-10-25 05:05:17,"Aplikasi busuk Aplikasi nggak guna tidak membantu sama sekali, Sudah banyak bintang jelek nggak ada perbaikan"
Douglas Rivers,5,2024-10-25 04:59:22,"Luar biasa penanganan dari mba loket B dukcapil kota semarang, jl kanguru raya. Sangat cepat dan efesien sekali. 👍👍😁. Terima kasih.. See u"
Fendy Naulla,1,2024-10-24 14:52:46,"Hapus aja, pelayanan buruk,"
teateaq eq,5,2024-10-19 04:22:21,Sangat membantu sekali
ariefianto rinaldi,1,2024-10-18 06:13:54,Gak jelas instruksinya ganti² Pengajuan akta ditolak trus Pengajuan dari senin dilihat udh jumat Begitu revisi nunggu lg seminggu Gmn ini harusnya memudahkan malah jd ribet sekali
Danish Chanel,1,2024-10-18 04:01:54,"Sudah datang lmgsung ke kantor dukcapil sudah bwa berkas dri rt rw kelurahan kecamatan ,sampe kantor dukcapil mlah siru buat online dan ternyata Super Ribet ,isi data sudah bner tpi di tolak ,"
Laila,1,2024-10-17 09:48:39,Ga ada pesan dari email maupun wa..dilupa sandi malah halaman eror ...bukannya mempermudah malah mempersulit
Renisa Daffa,1,2024-10-17 09:18:36,"heran knp urus nya pakai aplikasi segala pdhal jg setiap ke dukcapil selalu sepi. klo emg semua skrng HARUS pake aplikasi ya mnimal yg satset lah ga buang"" waktu jd nya. di info katanya hanya 4-5 hari kerja tp udh 1 minggu lbih gaada perubhan data. dteng lngsung jg ktnya harus lwt aplikasi, trus yg di kantor krjanya ngapain? hadehh.. ngurus di dukcapil kota lain bs lgsung satset slesai 1 hari jd tpi ini dipersulit bgt buang"" waktu aja. mana pelayanan pegawai di dukcapil bnr"" jutekk"
tomi suharta,1,2024-10-17 03:55:06,Tidak ada menu lupa pasword
Iwan Santoso,1,2024-10-17 01:38:21,"Pengajuan udah 2 Minggu lebih ga ada kemajuan sama sekali,"
Raden mas Ompong,5,2024-10-14 03:57:35,sangat bagus
Madi Dracula,1,2024-10-13 16:08:52,Aplikasi busuk!!
Indra H (Ino),1,2024-10-10 22:43:56,"ora di gampangke ,malah di gawe ruwet tur angel polll ...aplikasi rak jelas"
Inaban Desu,1,2024-10-10 14:03:13,"Verifikasi akta kematian terlalu lama, ke kelurahan ngarahin ke aplikasi dan yg jaga kelurahan masa 1 orang yang lain mana pegawainya...? Masa di layanin suruh ke aplikasi kan seharusnya di layanin lgsg kan enak kitanya lgsg ke daducakpik lgsg biar lgsg di proses... Kaya gini ngulur waktu"
Kholik Nur,1,2024-10-09 06:31:32,Tiap daftar akun gagal terus...gak dpt email atau wa.
Huda Putra Prakoso,1,2024-10-09 06:18:05,"Pelajar buat Pemkot Kota Semarang , sebelum luncurkan aplikasi setidaknya ada sosialisasi dlu jangan dadakan"
mufied syah,2,2024-10-08 02:04:35,"kl sehabis LOGOUT, harus di uninstal/ hapus data dahulu sebelum masuk ke akun lain. kalau tidak nanti pengajuannya masih kecantol/ terbaca di akun sebelum nya. hati-hati utk yg LOGIN hp nya pinjam"
fredy saputro,5,2024-10-05 12:46:43,Good
yo andikaa,1,2024-10-01 07:47:40,"Pelayanan lama, cuma nunggu di verifikasi aja sampe 2 hari.. benahi lagi biar pelayanan nya cepat, nak gini malah nyusahin orang!!"
amatir berkarya,5,2024-09-25 10:19:08,Alhamdulillah keren
Freestyle Technology,1,2024-09-15 09:46:48,Busuk. Hapus aja ini gak guna
Irvan Triwibowo,1,2024-09-15 06:19:17,Aplikasi sangat sangat sangat merepotkan
Dedy tiya Cahya utama,1,2024-09-14 13:32:57,Dengan aplikasi ini pemerintah kerjanya semakin sedikit dan pengajuan apapun itu semakin lama bener ngak si? Soalnya saya pengajuan pindah hampir 2 minggu masih di proses tanpa tau kejelasannya sampai kapan!
Very Setiawan,1,2024-09-09 23:22:15,"ribet mau menambah anggota anak ,pilihan tambah anggota anak tidak ada"
Bajing Loncat,5,2024-09-07 02:48:54,"Aplikasi ini sangat membantu saya yg ada di Cilacap, dg aplikasi ini saya mengurus surat pindah tidak perlu ke Semarang...lwat Sidnok surat pindah BS di cetak sendiri...Terima Kasin Sidnok"
dhany setiawan,2,2024-09-06 23:49:22,👎
Ahmad Fuzi,1,2024-09-05 03:42:07,Parah online bukannya tambah cepat makin lama malahan. Verifikasi data memakan waktu lebih dr 2 minggu.
Dyah Widyasari,1,2024-09-04 09:32:03,Verifikasi gak masuk ke email atau wa. Disuruh login tapi belom mengisi password sama sekali
Rifky Hardian,1,2024-09-01 05:59:25,"Sangat buruk, bukan mempercepat cara mengurus berkas malah jadi semakin lama menunggu verifikasi."
pipinkhot 03,5,2024-08-31 14:53:27,Aplikasinya sangat membatu bagi pekerja yg gak ada waktu utk datang lgsg ke dukcapil 👍👍👍
Wina Ristiani,1,2024-08-30 02:10:52,"Aplikasinya TDK membantu.. Ribet sudah isi data lengkap dengan dokumen tp salah terus.. Revisi terus,, maunya gimana ini..?? Sangat BuRuK.."
MUHAMAT DIDIK SETIAWAN,5,2024-08-29 13:52:00,Ok
Bahari Akbar,1,2024-08-28 14:31:45,Pelayanan jadi terlalu lama 1 x 24 tidak ada tindakan sama sekali pada hari kerja. Terimakasih.
Sri Wahyu Ningsih,1,2024-08-24 11:27:41,"jelekkk bangettt mau daftar/login gabisaa, masa aplikasi pemerintah kaya bgnii,kalah sama aplikasi lain"
miftakhul huda,3,2024-08-23 12:10:42,Aplikasi ini apakah masih jalan? Pengajuan sudah 2 hari belum ada kelanjutannya ya
Alfian Aulya Rachman,2,2024-08-22 08:07:54,Tolong buat semacam flowchart pengurusan dokumen penerbitan KK Baru untuk penduduk pindah karena membingungkan dan bimbingan dari anak magang malah salah
Maxim 789,1,2024-08-16 04:43:33,"Terlalu lama prosesnya, warga Semarang merasa tidak di hargai. Bukan mempercepat tapi malah memperlambat prosesnya."
Rifchi Hendri,1,2024-08-15 10:41:47,"tidak mempermudah tapi malah mempersulit, 2x bolak balik ke dukcapil tapi disuruh proses di aplikasi 4 hari blm diproses tau² ada notif ditolak keterangan petunjuk kurang jelas kenapa kalau ke kantor tidak bisa di proses dan harus di aplikasi, apakah sudah tidak bisa proses seperti dulu ke kantor dukcapil ?"
Fitria Maulani,1,2024-08-13 08:51:43,"Sudah daftar tapi tidak dapat email maupun WA untuk password, mau daftar lagi ga bisa krn sudah terdaftar tp ga dapat password, lupa password ga dapet email maupun WA juga, bukannya mempermudah malah mempersulit"
Desma Amalia,1,2024-08-13 05:57:09,"saya pikir dengan cara menggunakan aplikasi ini lebih efisien. tapi salah besar, mengulur waktu. berkas tidak segera di apply. harus comment lwt ig dlu baru direspon. sungguh amat sangat disayangkan. lebih baik offline menunggu sehari , berkas selesai. drpd seperti ini , terlihat bertele tele."
Lokius William Tanikwele,1,2024-08-13 02:41:47,"Aplikasi buosok, keliatan aplikasi nekh budget dikorupsi server e milih sing buosok!!!!!!!"
ANDARIKA,1,2024-08-12 04:55:04,aplikasi tidak fast respon
Aulia Sekar,1,2024-08-08 15:27:08,Berulang kali mendaftar tapi ttep gabisa! Udh diteliti lagi tapi tetep sama aja Pemerintah bukannya mempermudah malah mempersulit!!!!!
Dhinar Agil Tarashea,1,2024-08-08 03:28:21,Lemot.
Devi Ustanty,1,2024-07-31 00:32:54,Aplikasi perlu banyak perbaikan. Bagian isi otomatisnya tidak akurat. Tidak ada pemberitahuan sebelumnya kalau pelapor harus keluarga kandung. Sedangkan ada pilihan bahwa pelapor boleh orang lain (lainnya). Semoga bisa segera diperbaiki. Agar tidak mempersulit masyarakat untuk mengurus data. Karna sudah meluangkan waktu untuk mengurus offline malah dipaksa untuk mengurus online. Sedangkan mengurus online sarananya kurang memadai. Tidak ada sosialisasinya.
rika cahyani,4,2024-07-25 19:13:06,Gimn sih aplikasinya aneh salahh terus padahal ya udah bener lohhh...ke kantor malahh suruh daftar online kan ya hak kita mau daftar online atau langsung hmmm mempersulit bgt ooo
Mahesa Jenang,1,2024-07-24 06:24:39,Kalo bisa mempersulit ngapain di bikin mudah !!!!!
muhamad a ropik,2,2024-07-22 11:58:01,"Aplikasi gk jelas, reset password jam 11 siang, dapat wa passwordnya jam 5 sore. Udah gitu gk dikasih panduan dari kantor capil atau kelurahannya. Saran saya, saat daftar password bisa ditentukan sendiri bukan by sistem gitu. Kecuali aplikasinya bisa diandelin. Mana di kantor capil gk disediakan ahli IT nya. Saran lagi, minimal dikasih manual book atau panduan step2 akses aplikasinya. Mohon sistem ini diperbaiki lagi.Terimakasih"
Guruh Mizanuddin,1,2024-07-22 02:43:41,Online rak jelas
Hanhan Hanhanoke,1,2024-07-21 11:41:48,Mana menu ktp
Sarah yoona Nirmala,1,2024-07-19 03:23:43,Bukan mempermudah tapi malah lebih ribet
Rizki nadhar,1,2024-07-18 09:46:46,Aplikasi celeng
acep risdianto,1,2024-07-18 06:59:30,"SEBETULNYA KALAU ADA PENGEN NGASIH RATING BINTANG SETENGAH. aplikasi opo to iki nda? Bukannya mempermudah malah mempersulit masyarakat. Upload foto malah loading wae ki piye? Setelah kuwi malah ""halaman tidak ditemukan"" #pengenmisuh Yen durung iso nggawe aplikasi sing apik mending koyo ndisik wae masyarakat langsung teko ning kecamatan/disdukcapil, malah nggenah"
Faisal Dwi,5,2024-07-17 03:21:24,Cukup puas
Vedroharyo Kusuma widyan sumarsana,5,2024-07-16 04:31:31,"Kecamatan Ungaran Timur tidak ada, tolong di perbaiki"
Adnan Dzikron,1,2024-07-14 07:14:15,"Aplikasi sampah mempersulit masyarakat pantesan mudah di hack Tolong di perhatikan lagi woyy jangan enak² doang duduk santai di kantor lu, MEMPERSULIT MASYARAKAT AJA, PEMERINTAHAN KORUP"
icha ct,1,2024-07-13 03:55:40,ribet gk spesifik persyaratannya . jadinya ada aja yg kurang. belum lagi tampilannya begitu dibuka ada muka buibu yg nyebelin. gitu amat mau eksis. udah gitu digarapnya pas jam kerja pula. duh gusti podo wae
Agus Kasyono,4,2024-07-12 12:06:20,"Hebat, cukup dari rumah terlayamo"
Arie Evan,1,2024-07-10 13:04:29,"Tolong dong di perbaiki, aplikasi ini malah menyusahkan untuk mengurus persuratan, masa di aplikasi masih di proses untuk surat pindah tapi di data kecamatan udah di nyatakan pindah dan tidak ada bukti, kalo gini mau komplen kemana, bukannya membantu malah menyusahkan dan membingungkan Tolong di beri kontak buat pengaduan sekalian"
Hengky Fuad Surya,1,2024-07-10 04:32:38,"Dulu bisa ganti e-ktp yg rusak lewat aplikasi ini, kenapa sekarang tdk bisa?bukannya tambah baik malah tambah buruk fiturnya"
Angga Dwi,1,2024-07-10 01:51:09,Proses lama buang waktu saja .. lebih baik pengurusan offline saja daripada aplikasi belum siap ini
Wainee os,3,2024-07-09 10:27:15,"maaf aplikasi si denok ini tampilan si smartphone dan di web (laptop) berbeda, saya kira sama... di apk smartphone tidak ada menu reset password, alhasil ribet bikin baru... itu pun ditolak terus, ternyata di web lebih cepat dan menunya lebih beragam... suer malu banget dimintai tolong malah lama 🙄😭 gaes kalau mau ke si d'nok ini pakai yang versi web aja gaes, versi aplikasi smartphone isinya muter2, lama bangwt serasa nunggu angkot kuning langka arah klipang-mranggen 😭"
uuz cweet,1,2024-07-08 09:38:38,"Aplikasi mempersulit. Pelayanan gak jelas. 1 bulan lebih baru di proses,sekalinya Data udh keluar udh dicetak, di aplikasi kok tulisan masih di proses trus, tolong di perbaiki pelayanan nya dong."
Guntur Wicaksono,1,2024-07-06 03:21:04,Aplikasi entut sekali.. udah lemot.. sistemnya ribet
Reli Dafa,1,2024-07-03 12:49:04,"Malah ribet, daftar salah ngisi gak bisa di edit. Suruh ngehapus akun sudah dihapus sudah nunggu 10 hari sudah ditunggu, setelag itu mau daftar lagi malah gak bisa. Katanya nik sudah kedaftar. Mau log in juga gak bisa. Aplikasi gak fungsi. Malah bikin ribet ngurus data. Balikin seperti semula aja."
Bagus Putra Ramadhani,1,2024-07-01 12:09:35,"Aplikasi gak jelas , bukannya mempermudah malah tambah nyusahin aja"
Tias Ambarwati,1,2024-06-30 04:20:54,"Bkin kk baru mau semingguan blm ada verifikasi, tolong dongg jangan suka mempersulit"
Mikayla Setiawan,1,2024-06-28 08:11:57,di keterangan aplikasi ada ktp-el pas di donwload gak ada. kecewa banget ktp saya hilang mau daftar pekerjaan jd ndak bisa. k ks
nyonya putri,3,2024-06-28 04:38:30,Ngurus offline lamaa ditambah ada aplikasi ini ribet dan makin lamaaa ngga di verifikasi diverifikasi
Lisa Sagita,1,2024-06-23 15:08:04,"udah bikin berkali kali di tolak terus padahal syarat dan ketentuan nya sudah benar,ribet banget kalau online,terlalu lama prosesnyaa!!!! ."
Ahmad Haris,1,2024-06-23 08:19:31,"Aplikasinya bagus tapi kenapa pengurusannya Lama, udah 2 Minggu ngajukan surat pindah belum di vertifikasi, Padahal di dukcapil kab Semarang yang tidak pakai online satu hari bisa jadi, semoga bisa berbenah dukcapil kota semarang"
Sevira Mutyara,1,2024-06-20 09:06:19,Tidak bisa login padahal password dan nik KTP sudah benar
Ihsan Basyiruddin,1,2024-06-20 06:39:33,Masih bingung dan tidak mengerti Mau Buat KK baru dan pisah KK dari orang tua kenapa harus online Padahal enak langsung kekantornya kitimbang online kalau online data datanya takutnya juga ada yang salah
Galang Pratama,1,2024-06-13 10:28:13,Aplikasi yg tidak membantu samsek
Sasuke Juve,4,2024-06-13 02:19:54,Bagaimana cara menambahkan anggota keluarga (bayi/anak) baru pada Kartu Keluarga?
SEC Thamrin,1,2024-06-13 02:05:02,"Halo d'nok ini sekelas kota loh ,kita pake sistem online yg hrusnya mmprcepat n mmprmudah ini malah mmprlambat dan mmprsulit pngurusan dokumen, padahal kelas kota masa kalah sma kabupaten yg notabene lebih efisien kabupaten dlm pengurusan dokumen ,tolong dong diperbaiki , kita ngurus dokumen krna kita butuh n ada deadline waktu heran deh"
Andi Narwanto,1,2024-06-09 17:09:24,Makan gaji buta....
Payuin Indonesia,1,2024-06-06 12:24:30,"Apk sudah membantu. Tapi waktu proses lama, harusnya maksimal 7hari kerja selesai. Dan dokumen yg sudah jadi, dikasih pilihan untuk diambil sendiri atau diantar pakai paket POS (biaya ditanggung pengaju)."
Azis anca,1,2024-06-06 05:07:28,"Aplikasi sering blank, pas udah bisa pengajuan ditolak padahal sudah sesuai prosedur, lama juga. Menyusahkan"
Ahmad Mahmudi,1,2024-06-06 01:22:31,"Verifikasi lama, nunggu 1 minggu ujung""nya di tolak, harusnya di sistem ditulis berkas yang harus di upload apa saja, buang"" waktu"
Dody Sugiharta,1,2024-06-05 00:18:56,kenapa pilihan kelurahan kosong semua .jadinya gagal trus.tolong diperbaiki
Mas Pai (Masmin),5,2024-05-31 12:35:53,Aplikasi yg sangat bermanfaat ngurus akta kelahiran cepat dan nda ribet 1 hari jadi terimakasih SI D'nOK
Herlina Karunia,1,2024-05-28 07:42:34,PAKAI APLIKASI KIRAIN MAKIN CEPET MALAH MAKIN LAMA .
pram arjuna,5,2024-05-28 03:33:01,Mantap .... tergantung Hokky kalau pas lolos semua langsunh bisa di cetak Akte .. KK dan KTP
Hendra005,1,2024-05-28 01:56:38,"Pelayanan lama , masih banyak bug, tidak ada keterangan / contoh foto berkas nya seperti apa, nyesel nunggu 1 minggu tapi berkas di tolak karena alesan foto kurang lengkap, aplikasi pemerintah itu ga ada yang berguna"
Fery Triyoga,1,2024-05-21 02:54:29,Saya tidak bisa login dengan password yang diberikan moderator
Yohan RS,4,2024-05-20 03:06:14,"sudah di upload di tolak mulu ,,, proses verifikasi lambat , tidak profesional , aplikasi kyk buatan anak SD"
Magenda Astania,1,2024-05-20 02:26:32,"Mau daftar akun nik udah dipake, padahal belum pernah daftar Lupa sandi data tidak temukan Bukan membantu malah mereotkan"
anas,1,2024-05-17 04:10:18,"adanya apliksi ini mnyusahkan mpersulit. haruse di per mudahh,tpi ini knp di persulit. jadi pihak kcm smkin enk kita rakyat nya yg sulit. aq pngjuan akte dah 7x di tolak truss dngn alasan yg gak jelass"
Bima Sakti Handika,1,2024-05-16 06:25:50,Kok tidakbisa di input ? Padahal semua sudah benar
Desy wulan,1,2024-05-14 06:30:49,"saya kira dengan menggunakan aplikasi ini akan di permudah .. ternyata malah di persulit.. udah seminggu belom juga di verifikasi. jika aplikasi tidak bisa membantu sebaiknya di hapus saja,"
Riski Agasta,1,2024-05-13 03:41:36,Opsi yg tidak bisa dimengerti masyarakat yg tidak paham
Muchamad Farid Alfian Channel,1,2024-05-08 11:34:46,"Aplikasi mempersulit hidup manusia ya gini, gaada gunanya!!!"
Edo Kesuma,1,2024-05-08 09:59:38,"Mempersulit urusan,karena di tolak berkali kali,dan belum tentu orang memahami apa saja yang harus di upload.tida semua orang mengerti maksud dan tujuan."
SIREP BASUKI,1,2024-05-07 17:33:25,"semrawut,kebutuhan masyarakat terbengkalai,kembalikan semula yang bermutu"
Bogie Ahp,1,2024-05-06 12:53:51,Dibikin salah terus apa emang tujuannya biar pake jasa calo? Kok keliatan bgt sengaja disalah2in
sutrisni,4,2024-05-06 09:20:03,"Selamat sore, terkait data yang telah saya isikan untuk profil akun SI D'nOK apakah bisa diubah? Karena saya tadi melakukan kesalahan input pada alamat tempat tinggal dan mencoba menghubungi nomor WhatsApp yang dicantumkan namun ternyata nomor tersebut tidak terdaftar pada WhatsApp. Mohon bantuannya"
Edy Sudjarwo,1,2024-05-06 08:37:52,"Terus ap gunanya buang waktu ke RT,RW,kelurahan,kecamatan.ijin ga kerja tapi nyampe dukcapil.cuman suruh online.hadeh..."
Riski Aprilia Nugroho,1,2024-05-03 05:07:37,"Ini aplikasi apaan sih. Pengajuan pertama ditolak katanya salah harusnya kedatangan, bukan perubahan data. Padahal jelas2 yg ngisi anak2 magang atau perbantuan atau apa itu di dukcapil, sy ngisi jg disana. Ngajuin kedua ditolak lagi karna salah formulir. Udah verifikasi lama, ditolak trus. Ga jelas bgt. Daripada Bolak balik kayak gini tuh dijelasin dari awal syarat2nya apa, yg lengkap, YANG JELAS. jd orang ga bolak balik ngisi."
Ratih Devi,1,2024-04-29 02:40:06,"Aplikasi tidak berguna,malah mempersulit bukannya di permudah klo online"
Lidia Puspa,1,2024-04-26 00:36:14,"Adminnya gak ramah 😪😪😪 emosian dan sangat tidak membantu Appnya juga serba lambat, ini aplikasi sangat menyulitkan dan buang2 waktu"
WAHYU LESTARI,1,2024-04-25 00:40:35,Maaf kenapa sejak di online kan malah jadi lama ya. Padahal saya emergency harus ngurus surat pindah karna mau lahiran dan mengurus bpjs . Trus apa harus nunggu habis lahiran. Ini kebijaka. Malah merugikan. Mana sayapindah antar provinsi. Kan gak mungkin bolak balik karna biaya banya 😡😡😡😡😡😡😡😡😡😡😡😡😡
Veriawan Praditya,1,2024-04-24 13:29:00,Apk taii gua verifikasi akte gakk bisa bisaa pekok
aisha ikakusuma,1,2024-04-24 08:40:01,"Seharusnya mempermudah karna adanya aplikasi, lah ini malah mempersulit.. 2x pengajuan akta kelahiran aja ditolak terus🤦, belum lagi proses nya lama banget Mending"" manual aja, ketimbang ada online nya"
Nanang Wibowo,1,2024-04-23 06:37:11,"Asli parah, pengurusan berkas pindah wilayah yg masih 1 kelurahan dan kecamatan saja sudah 2 BULAN belum jadi juga, statusnya masih diproses terus, biasanya lewat jalur offline paling lama 1 BULAN sudah jadi"
Zevran Al. Izra,1,2024-04-22 03:58:29,"Woi yang bener ajee, ga jelas bgt aplikasi nya. Rugi dong🥱. Admin nya kebanyakan maen slot, respon lama bener. Kalo ga pecus ngurus aplikasi di delet aja lah kasian sama orang yang lagi butuh ngurus dokumen keluarga. kesel kan jadinya"
Tupolev- 16,5,2024-04-19 09:19:24,Cepat
Nisakif Id,1,2024-04-19 01:49:45,"Terlalu ribet untuk verifikasi menunggu terlalu lama sekali,aplikasi dan admin nya kurang ini... verifikasi terlalu lama bukannya mempermudah adanya aplikasi malahan memperlama"
Resa Kristovores,1,2024-04-18 04:35:39,Aplikasi rusak
Natalia Angelina Destyaningrum,1,2024-04-18 04:08:59,"Sudah berhasil registrasi, NIK dan password dah betul, login gagal terus."
Muslikhin Semarang,5,2024-04-17 15:43:17,"Aplikasi ini sangat membantu karena saya sudah membuktikan gak kaleng2, cuma 1 hari Akta anak dan Kartu Keluarga langsung jadi, sungguh luar biasa untuk aplikasi dan para petugasnya saya kasih 5 bintang dan 4 jempol, semoga kota semarang semakin berkembang baik kota maupun aplikasi2 nya, jayalah selalu kotaku tercinta..."
Wiwiek Handayanie,1,2024-04-13 19:12:34,"Jauh"" hidup d rantau ,pulang ijin bolos krja buat rmpungin urusan pecah kk ,eee mlh d bikin ribet gk jelas , udah ngurus ini itu dari pihak"" yg d tujukan dan syarat"" selesai ,, eee smpai ketmpat yg d tuju d suruh online , stlah online berturut"" d tolak gk d konfirm, kata'a data blom lngkap ,akhir'a smpe skarang blom tk urus ... Udah hidup rumit mlh d tambah rumit dgn yg apa"" d bikin online ,yg orang awam gk pada ngerti kayak saya ini"
rina styani,1,2024-04-03 23:42:23,"Verifikasi lama semingguan itupun harus ke kelurahan karena udah seminggu tidak diverifikasi, dibuat online seharusnya otomatis tidak membutuhkan waktu lama , dan berkas-berkas pendukung yang dijelaskan aplikasi hanya wajib KK dan berkas lainnya aja, sudah 2x pengajuan ditolak karena berkas-berkas yang diupload kurang terus"
lali hjsgdsajg,2,2024-03-28 12:11:48,Kinerja sdmnya yg mnrt sya ndk jelas. SOP 5-7 hari kerja. Kok punya sy sama sekali ndk digrubris sampai lbh 14 hari. Kalo ndk WA dutcapil minta di up apa bakal ada tindakan. Wiz angel angel... gak nggenah Model jika ada revisi di reupload ulang diminta nunggu 5-7hari lagi. Giliran Wa udah 7 hari malah adminnya centang 1.
Muhammad Afan,1,2024-03-27 05:02:37,"Jangan dipaksakan pake aplikasi kalo blm siap,, RUWET"
Aji Setiawan,1,2024-03-27 03:19:48,Proses terlalu lama
Agus Sutrisno,1,2024-03-22 02:54:08,"Aplikasi membingungkan... Harusnya ada 2pilihan offline dan online... Semakin g bermutu.... Katanya Semarang makin maju... Malah sekarang jadi SEMARANG MAKIN MUNDUR.. RT ,RW GUNANYA APA..... 😀😀😀😀 Coba intropeksi diri ratingyg banyak permasalahannya apa... Kalau bisa offline harus tetap ada. masak nenek nenek dan kakek kakek suruh online..... 🤦🤦🤦🤦"
orin nur anisa,1,2024-03-21 03:14:57,"Konoha kebanyakan apk menyusahkan, mau maju tp ini kalo blm ready nunggu dulu apa susahnya 🗿"
Gladis Ayu,3,2024-03-20 04:00:33,"Mau buat KTP baru setelah menikah, disuruh bikin online, tapi di online tidak ada tampilan membuat KTP, pas buat KK baru aja sampe berulang kali salah, padahal penulisan udah benar. Lumayan cepat sih buat malam pagi udah jadi."
Deva Ardian,1,2024-03-19 08:59:19,Bukanya bikin mudah mlh mempersulit
Tukijo Joe,5,2024-03-16 12:06:30,Aplikasi sangat membantu sekali dalam mengurus administrasi kependudukan...terima kasih Pemkot Kota Semarang
Arta Aji,1,2024-03-16 04:21:36,"Aplikasi aneh, kalo emang belum siap pelayanan online jangan dulu make ginian. Ini aplikasi bukanya mempermudah malah buat susah. Dateng ke dukcapil dengan syarat udah lengkap surat pengantar rt rw kelurahan sampe sana disuruh online, yaudah nurut online pulang lagi ke rumah buat input dan sampe sekarang dengan waktu 10 hari data tidak diverivikasi. Solusinya apa ?? Calo ?"
Narty Adjah,5,2024-03-11 13:27:48,sangat membantu trima kasih
Niko Dwi,1,2024-03-10 10:33:44,Malah mempesulit urusan Pegawai pada ngangur main hp Bukannya makin cangih malah makin buruk Tidak ada ketegasan pemerintah. MEMPERSULIT WARGA
Nur Faizin,4,2024-03-06 04:23:16,Sangat membantu
Fata Avidayanti,1,2024-03-05 11:01:30,"Bukan mempermudah malah bikin ribet,urus akta kelahiran anak saja salah dalam penulisan status agama padahal KK & KTP orang tua agama Kristen dan semua data yang diminta sudah sesuai kenapa saat sudah diproses malahan agama anak jadi islam.itu kira"" kerjanya bagaimana sehingga bisa terjadi seperti ini.sangat kecewa karena selalu saja mempersulit.mohon ditindaklanjuti dan diteliti data yg masuk agar tidak terjadi seperti ini lagi."
Malintan Hernawan Putra,1,2024-03-05 10:11:27,Aplikasi mudah di gunakan cmn verifikasi lama sekali mending manual saja
Fathi Haidar Rizqi,2,2024-03-04 15:55:44,"Mending jangan pakai aplikasi"" kayak ginian lah, susah+repot jadinya mending langsung dibuatin dari kecamatan nya sendiri apalagi kalau ada orang yang lebih tua bingung cara daftarinnyaa"
Teguh Pranoto,3,2024-03-01 16:58:23,Sangat sangat tidak membantu bikin ribet buat akta anak aja lamanya bukan main daftar belum juga diverifikasi udah gitu syaratnya pakai biodata saksi lagi emang gampang apa minta biodata orang lain coba pikir kalo sudah tidak punya ortu terus mau minta biodata siapa plus nyertain KTP sama surat nikah emang ada yg mau ngasih tolong lah jangan nyusahin rakyat niatnya baik tp pelaksanaannya nol besar🙏
Agus Imam Hariri,3,2024-02-28 05:30:14,baik
annas ilmianto,2,2024-02-27 02:52:44,Kok g bs dibuka y?
Dolphinz Land,2,2024-02-12 01:56:03,"Kenapa sekarang lama banget prosesnya? Dulu perubahan kk, buat akte kematian, buat kia cuma butuh waktu 1 smpe 2 minggu jadi, lha sekarang lama banget belum diverifikasi, ortu bikin perubahan data kk sudah 3 bulan lebih ga ada kabar, tetap belum diverifikasi, padahal mau di gunakan untuk mengurus perubahan status di ktp, kok sekarang ga ada link untuk membuat KTP-EL ya"
Siti Nur Rohmah _,1,2024-02-10 15:49:57,"ktp saya rusak, mau ngurus saja tidak ada menu ktp el nya. Ini gimana sih."
Agus Sholeh,5,2024-02-10 00:43:54,good
Rahmad Taofik,5,2024-02-09 07:09:33,mantap
Artin Ningsih,3,2024-02-09 01:50:52,sering ngelag
Fkress firman,5,2024-02-08 14:13:55,nice for smrg.. 👍
Enda Dwik,1,2024-02-07 05:05:47,"Nunggu verifikasi lama, lapor nomor pengaduan akhrinya 2 hari baru diverivikasi. Masih suruh nunggu lagi sedang diproses. Nunggu-nunggu terus. Ya Allah berikanlah kesabaran. Gak tau gimana sistem kerjanya yg jelas sangat lambat. Mempersulit"
endonpdc,2,2024-02-07 02:34:33,Input di PC/ laptop saja
Hari Mustafa,5,2024-02-06 13:48:01,ok gass
ARN,2,2024-02-06 11:19:27,"Udah urus manual ke kelurahan, di suruh by online, oke aku by online niat biar efisien ternyata porsesnya luamaaa poooolllll sudah 2 hari ngirim blm d proses"" :"")"
Kiki Sudarsono,1,2024-02-06 07:53:10,"malah bikin ribet, mending cara manual seperti biasa bisa kontrol warga"
ninik fitriana,3,2024-02-06 03:54:19,kenapa di aplikasiku tidak ada ktp el nya ya?
Daru Listiyono,5,2024-02-05 00:32:26,aplikasi yg sangat membantu
Marmono Mono,5,2024-02-04 06:17:36,mantap
Indra Aprialdi Guci,2,2024-02-02 12:24:36,Sayang sekali untuk upload data tidak bisa
teguh windu,5,2024-02-01 23:41:57,lebih praktis dan canggih
Acenk Piegonbreeder,1,2024-02-01 11:13:40,"Malah bikin ribet, Parah kinerja A§N jaman sekarang Mau enaknya saja Udah gak punya rasa melayani rakyat"
Andy Lucky,3,2024-02-01 08:05:03,maaf semtara saya kasih bintang 3 dulu blm tau cara nya
Indri Rahayu,5,2024-02-01 05:15:20,baik
Imam Sadili,1,2024-01-31 02:52:16,Pengerjaan verivikasi ajj lemot sekali Mending ngurus manual cuk
yohanes gatot aji suseno,5,2024-01-31 00:25:13,oke
Nayla Wildan,4,2024-01-30 07:21:18,mantTAP
Devita Anggreyani,2,2024-01-29 14:12:40,Mau buat akte kelahiran online. Dari awal udh enak semua dikasih gampang. Laaah waktu mau upload berkas kagak bisa woyyy. Ga membantu sihh apk kek gini. SEKIAN
Yukko,1,2024-01-29 09:52:04,"Curiga sama aplikasinya , tiba tiba banyak iklan slot habis donwload ini"
erwin pierzy,5,2024-01-29 07:29:00,malah ribet
"Ir. Endro Wasito, M.Kom.",3,2024-01-29 02:36:34,"tidak user friendly, user tidak bisa merubah data akun"
nur rofik,1,2024-01-28 11:09:26,ApLikasi SETAN !! MENYUSAHKAN .. tidak diberi bimbingan ..suruh isi sendiri ..percuma di bayar mahaL di kecamatan !!! Harusnya di pantau di Lokasi .. dikerjakan oLeh staff di sana !!! Memuakkan
Isya Aroh,1,2024-01-27 20:03:51,"Ratingnya njeblok, niatnya sih baik untuk mempermudah, namun kenyataannya justru ribet, tidak langsung ditangani, butuh berhari-hari data yang terkirim diverifikasi, user interface nya lumayan buruk. Bila tenyata tidak kunjung ada perbaikan pelayanan, ini sangat mencurigakan."
Elga Utomo,1,2024-01-26 13:58:40,"Perihal upload bermasalah tidak dapat jalan di hape sepertinya,, mohon di perbaiki"
ria sugiarti,5,2024-01-26 12:41:18,Saya 5 tahun lalu ngurus akte anak saya yg pertama uda online .. trus tahun ini pake aplikasi ini .. tambah cepet praktis ga ribet ..
Johan Rhemawan,1,2024-01-26 12:22:49,"bikin akta kelahiran dan ngubah kk aja pake ginian,, nyusahin nggk salah kalo nanti banyak yang nggk akan jalan soal data kependudukan karena pada ribet bikin ginian"
Hisyam kerenz,1,2024-01-26 07:00:12,Ribet mengulang2
Ali Romadhon,5,2024-01-25 23:54:34,Terimakasih sangat membantu
surani idawati,5,2024-01-25 09:17:12,lebih 3e
Rahma Watik,1,2024-01-24 03:24:36,"Dengan adanya aplikasi ini bukan memudahkan tapi malah menyusahkan ribet, proses lama aplikasi sangat lemot, sudah ke capil diarahkan online Giliran online data semua sudah lengkap no NIK no KK no hp email tetap gak bisa proses WA juga gak ada balasan"
Yuli Susanti,1,2024-01-23 14:31:17,Ruwet.....ngelu ....bola Bali di tolak datane 😭
Abdul Syukur,5,2024-01-23 12:10:03,pelayanan bagus
Prast Dani,1,2024-01-23 04:31:44,"Penggunaan aplikasi tidak mempermudah proses malah memperlama, respon admin satu dengan yg lain instruksinya beda."
chugi chipit,5,2024-01-23 03:44:21,Bisakah pembuatan Kk baru melalui online atau aplikasi?
yunus hendro,4,2024-01-22 21:44:28,lebih ditingkatkan lagi
tri wahono,5,2024-01-22 05:02:26,mantab
Ipung Prasetyo,5,2024-01-22 05:00:01,susah
Aq Pancen Sutreez,4,2024-01-22 00:44:48,sangat membantu👏👍
ALICE channel,1,2024-01-21 20:28:21,Salah nomor induk kk gak bisa diedit mending ke kelurahan lang lah app gk bermanfaat
Winarno Winarno,5,2024-01-20 03:40:12,unt masukkan foto dokomen file masih kesusahan
Achmad Sodik,5,2024-01-19 11:32:32,satset tanpa ribet n cepet pelayanannya josss kota SEMARANG
afiis 14,3,2024-01-19 09:59:39,Trus kalau klasifikasi pindah antar RT gmn?
Kunadi Pudjiartha,1,2024-01-19 07:36:10,"Migrasi dr sistem blm sempurna, saya di KK lama tercatat menikah dan istri saya jg menikah, kenapa via sidenok saya dinyatakan menikah tercatat sedang istri saya menikah tidak tercatat, kesalahan sistem seperti ini sangat merugikan"
kene cah,1,2024-01-19 02:16:34,"udah bener datang ke kantor gk dilayani , form suruh onlen . mana uplod nya susah"
Ay,1,2024-01-19 01:02:38,"Menurut saya dengan adanya aplikasi ini bukan mempermudah tapi justru mempersulit. Upload file yg ribet karna ukuran harus kecil belum lagi kalo gambarnya jadi pecah. Konfirmasi yang lama sudah seminggu lebih kok masih proses terus keterangannya. Mending nunggu seharian di kecamatan data langsung jadi saat itu juga. Gini kan klo ada keperluan mendadak jadi susah, kk akte ga jadi jadi. Udah jauh"" dateng sampe kecamatan malah disuruh online. Mending buat 2sistem deh ada online ada offline."
Peny ningtiyas,5,2024-01-18 06:12:29,bagus dan cepat
Ade Heryanto,5,2024-01-18 04:59:08,praktis dan cepat
Jisa Karuniawati,1,2024-01-18 02:38:11,Upload dokumen gak bisa bisa.
kini setya,5,2024-01-17 13:06:18,"aplikasinya cepet mudah dan praktis,"
Hery Purwanto,1,2024-01-17 06:39:06,"Online ko lama amat, administrasinya makin ga jelas neh. Tolong benahin dong biar bisa berjalan dengan baik."
Faris Niam Maulana,1,2024-01-17 03:28:45,Pelayanan lamban
Nur Fakih,5,2024-01-17 01:05:28,Sangat membatu masyarakat kota Semarang... Semarang Semakin Hebat
Tsalitsatul Maghfiroh,5,2024-01-16 02:31:02,joz
Rahmad Saifudin,1,2024-01-16 01:24:55,"aplikasi blum begitu canggih, upload foto gak bisa d pencet,,,gt dri pihak kecamatan gak mau melayani,,,,,kasihan yg tua2"
Dutha ayodhya,1,2024-01-16 00:27:39,Sangat menyusahkan..sdh seminggu tdk ada di verifikasi..
Sunaryono,3,2024-01-15 04:15:10,susah
Bryan Azril,5,2024-01-15 03:54:31,good
San Ajisaka,1,2024-01-14 00:25:51,"aplikasi ga jelas! sudah cape2 ngisi data segala macem eh... giliran pas upload file ga bisa! ga ada reaksi apa2, payah"
Sutrisno,2,2024-01-11 04:29:24,Ada adminnya gak sih? Pengajuan sudah 4 hari belum diverifikasi. Padahal pengajuan pas hari kerja
sunar san,3,2024-01-11 02:10:46,mau uplod file aj susah minta ampun
Sri Wahyuni Widiastuti,1,2024-01-10 03:54:59,"aduh kok sulit, ya"
Nikmatun Atun,1,2024-01-09 06:38:54,Aplikasi SAMPAH MEYUSAHKAN MASYARAKAT. udah isi data notif salah. Sandi salah. Yg buat kebijakan seperti ini harus mundur dari jabatan. Gak ada gunanya.
Laila Putri,1,2024-01-09 03:28:59,"dari Kemarin Pengajuan nggak diverifikasi,Error Notifikasinya. Gimana sih, masa harus ngulang terus ngisi Data pribadi. Aplikasi nggak jelas👎"
Reflus Halidjar,1,2024-01-09 01:55:43,"Menyusahkan masyarakat, seharusnya kalau masa awal perubahan sistem petugas dukcapilnya membantu memasukkan dokumen sampai selesai, ini sudah jauh2 datang disuruh pulang buat download aplikasi dan isi di rumah, lama antri cuma dibegitukan"
Jonathan Aditya,2,2024-01-08 04:44:54,Tidak ada menu mengedit profil akun.
Chrizt Tanto,5,2024-01-06 03:10:01,Mantap
Eko Priyanto,5,2024-01-05 15:27:53,"Bagus.. cukup membantu, praktis dan otomatis"
slamet mulyono,5,2024-01-05 14:21:15,baguus
Alfi Harda,5,2024-01-05 11:46:32,memudahkan pelayanan publik dg sistem online 👍
martinus cahyo,1,2024-01-04 08:57:49,Tdk bsa suport
Endang Riyanti,4,2024-01-03 08:42:11,ok
Aini Machabbati Prabowo,5,2024-01-01 22:22:00,"Sangat membantu sekali, pemohon ga perlu riwariwi dan antri lama buat ngurus surat permohonan.Untuk estimasi tolong lebih diperhatikan lagi."
Fyan Fuad,1,2023-12-31 06:38:29,Mau ganti e ktp rusak aja ribet apk pemerintah mesti kaya gini mau buat apa pun nanggung ga sekalian di selesaikan parah
Noval Ishaki,1,2023-12-28 09:24:50,"Mempersulit bukan mempermudah terus yang kerja di kelurahan n kecamatan ngerjain ap???, kurang faham sama kebijakan pemerintah Kasian kalau gak punya hp"
Zaini Zen,1,2023-12-28 05:54:33,Sudah 2 hari belum juga di verifikasi. Dan gak ada kejelasan... Padahal sebelumnya sudah ke dukcapil. Namun di arahkan untuk online.. setelah online kek gini hasilnya.. parah banget
Ayuliana Kristanti,4,2023-12-28 04:37:23,agak sdikit rumit untuk pemula sih tp ok lah
Munandar ShelterCKD,5,2023-12-28 01:09:06,sangat membantu
RR Dyah Ayu Kurnianing,5,2023-12-26 23:37:12,"Waktu buat KTP alhamdulillah respon cepat dan KTpnya bisa saya ambil di despinduk capil..semoga semakin maju pelayanannya untuk mempermudah yg tua2 untuk mengisi denok..saya caleg Partai GELORA ( GELOMBANG RAKYAT Semarang selatan dan semarang Barat DPRD kota kertas suara warna hijau Rr Dyah Ayu Kurnianing , SH nomer urut 5 mohon dukungan supaya saya jd DPRD kota yang membawa keberuntungan untuk masyarakat secara material dan non material untuk masyarakat luas"
Alexander Aditya,5,2023-12-25 22:07:11,smg hebat
Salasa Munawar,2,2023-12-24 14:14:20,kebanyakan iklan dan tiap masuk susah!!!!!
Putri Thalia,1,2023-12-23 11:41:11,"Sangat sangat menyusahkan sekali , aplikasinya tidak bisa buat foto dokumen.. Bukanya menggampangkan rakyat kecil malah menyusahkan rakyak kecil, Padahal dulu tidak sesusah ini datang ke kecamatan tunggu beberapa hari langsung jadi.. Tolong min di perbaiki lagi aplikasinya biar masyarakat gampang untuk akses"
Agus budi pramono,4,2023-12-23 01:56:31,bagus untuk membantu mencari identitas
rio saputra,5,2023-12-22 09:13:28,sangat membantu
Ratih 1904,5,2023-12-22 03:52:49,klo masuk lodang loding trus hrus pakai sandi trus
Mochamad Ridwan,1,2023-12-21 02:17:06,Apk gak guna login gak bisa. Mengajukan lupa sandi juga gak bisa
Andhika Dwi Hananta,5,2023-12-19 03:51:30,membantu penduduk semarang
helvy andri luckman,1,2023-12-18 11:56:14,"Tetep bintang satu, perubahan profile susah nyarinya.."
Hartanto Saputro,1,2023-12-14 06:01:09,Sangat susah upload foto dokumen.....2 jam gak bisa²....harus di cek dan di evaluasi dulu aplikasi kaya gini...bukannya memudahkan malah menyusahkan orang.... aplikasi kaya gini harus di perbaiki ulang....rating aja 4.7 tapi kenyataanya tidak sesuai sama sekali
TATAG TRI WIBOWO,5,2023-12-13 06:59:32,mempermudah layanan publik
Otniel evan Imanirali,5,2023-12-13 03:17:38,sangat membantu sekali cm agk Binggung
ripal rizqi,5,2023-12-13 00:32:26,sangat bagus proses cepat dan ringan biaya
Mega Fitri Yani,3,2023-12-11 11:10:33,"Bikin pengajuan akte 4x di tolak, bukannya mempermudah malah jdi lebih ribet."
K5N 005,5,2023-12-10 08:27:06,"Aplikasinya Bagus, sangat membantu"
Danik Danik92,1,2023-12-09 03:21:42,Ribet upload dokumen gagal terus
Kedun San,1,2023-12-04 10:55:36,sangat tertinggal sekali dari daerah lain. menu untuk ngurus ktpnya mana?
Ruben Bholo,4,2023-12-02 06:44:54,sangat bagus
Panji Laksono,4,2023-12-01 04:33:36,si dnok is the best
Saber Hoax,1,2023-11-25 22:55:30,upload file berkas susah
Erick W,1,2023-11-22 00:56:22,ribet pakainya
Setyo Noor Irlambang,5,2023-11-21 07:40:52,bagus
beny marsetyono,5,2023-11-19 07:29:40,input pengajuan 24 jam langsung jadi mantap. bisa langsung cetak di mesin anjungan mandiri.
IM'A,1,2023-11-17 10:10:01,"nyusahke,, wes tekan kecamatan nggowo surat"" lengkap jek di kon sing bersangkutane teko,, percuma tanda tangan diatas materai nek jek di kon moro ngetik dewe,, gunane petugasmu ki opo?,, dan lamban"
naavinaa 3178,1,2023-11-17 09:20:29,Dulu kumpulkan berkas ASN yg input data selesai di panggil .. . sekarang harus input data sendiri dan susah sekali tertolak berkali2 ...tolong kurangi ASN di divisi masing2 ...karena setengah kerja mereka sudah masyarakat yg mengerjakan sendiri
Rama Nidya Khafidhin,5,2023-11-17 02:53:22,"terimakasih, pelayanan mudah, cepat dan aman."
Heri Setiawan,1,2023-11-16 07:41:27,Bukan nya dipermudah malah tambah ribet
Andini Gita s,3,2023-11-15 14:27:28,"Dalam aplikasi saya tidak ada Pelayanan ""KTP EL"", kenapa ya kira² pak/bu ? Apakh bisa diperbaiki ?"
Lailatun Nikmah,5,2023-11-15 12:31:50,"fast respon... pelayanan cepet,puass banget pokoknya"
Gus wahyu,1,2023-11-15 02:41:48,ngecek id sm proses kok g bs...trus sya tau dr mana ptosesnyw
Danil Satria,1,2023-11-12 17:28:19,SENIN - JUMAT
yuli ani,5,2023-11-12 10:51:26,pelayanannya bagus
Triasno Utomo,5,2023-11-10 04:03:15,baik
Wulan Ayu stefani,1,2023-11-09 12:29:35,buat mengirim foto terlalu susah semoga bisa di perbaiki lagi
Warno,2,2023-11-07 15:30:05,"Sangat menyusahkan,untuk upload dokumen ukuran file terlalu kecil dan bahkan parahnya lagi g bisa upload gambarnya,alih alih memudahkan malah ribet sangat sangat tidak membantu !!!"
Aditya Ramadhan,5,2023-11-06 07:33:25,sagat puas
teguh wahyu utomo,3,2023-11-06 01:33:59,Mau buat akta kematian suruh lampirin keterangan kematian dr kelurahan/surat keterangan kematian dr dokter Duh....
Nyun Sewu,1,2023-11-03 07:12:45,"aplikasi ini malah akan memperlambat proses dari kebutuhan masyarakat. pegawainya malah tidak bekerja dengan maksimal. kalau mau pakai aplikasi seperti ini, seharusnya diimbangi juga dengan kecekatan follow up dari bagian yg mengurus aplikasi ini"
Aristo Winska Dwireno,2,2023-11-02 03:49:36,marai mumet
Alwy Elrosa,3,2023-11-01 03:18:44,lemott
Ahmad M.,1,2023-11-01 01:20:07,"mau ganti no KK karna udah update sepeninggal ortu aja nunggu udah 10 hari belum diverifikasi, ngapain aja lu tong, buat apa bikin aplikasi kalo masih lambat kek gini, kalo ngurus kekantor mesti suruh mondar mandir biar capek lu kira ijin kerja gampang ?!?! ujung2nya minta tolong tetangga yg staffnya biar diurusin keluar duit lagi deh buat ngurus kertas gt doang hadeeeh"
itok 08,4,2023-10-31 05:09:00,sangat mebabtu
Muryani Yani,5,2023-10-31 03:52:15,trima kasih
syah hir,4,2023-10-29 09:30:32,cukup membantu dlm playanan publik
yudistira cihui,4,2023-10-27 11:26:38,memang sih gak repot2 keluar dan pergi ke kantor kecamatan...tapi untuk respon nya sangat kurang cepat...sudah 2 hari pengajuan tp belum juga ada tanggapan soal pengajuan tersebut...
Lhanyonx i-one,2,2023-10-24 10:39:12,"masih dicoba, informasi kurang lengkap, tidak ada layanan informasi"
Dwi subari,5,2023-10-23 08:21:17,"Alhamdulillah ,1hari bisa jadi terima kasih atas kemudahan dr kota Semarang"
Arsentina Rinanda,3,2023-10-22 15:02:13,"di perangkat saya tidak ada layanan utk mengubah KTP-EL.. setelah akte kelahiran, akte kematian..langsung lompat ke identitas anak. saya coba download dari perangkat lain juga tidak ada. kurang lengkap layanannya. padahal di info playstore utk aplikasi si d'nok ada KTP-EL... tolong segera perbaiki"
Bambang Gryasena,4,2023-10-21 09:28:45,Tolong ditambahkan upload data pendukung berupa pengantar RT-RW-kelurahan agar pendataan fisik penduduk/warga di tingkat bawah bs terpantau
Alfin Pujianto,3,2023-10-20 10:56:41,Mohon maaf kenapa di saya tidak ada layanan KTP-EL saya mau mengajukan KTP saya yang rusak
Eko Fajar Setiawan,5,2023-10-20 04:45:08,oke
M kurniawan,5,2023-10-18 05:18:42,sangat membantu
Zainal Rasad,5,2023-10-18 00:55:26,mantap bgt
yulia Adhitya,3,2023-10-17 06:12:31,kok disaya tidak ada option ktp elektrik ya? ayo tingkatkan lagi
Hendri Prasetio,5,2023-10-16 12:07:10,sangat membantu
Safira Nur Fatimah,1,2023-10-13 05:59:36,Menu KTP elektronik hilang?
G Teguh Pamungkas,3,2023-10-11 03:00:40,Untuk pelayanan ktp elektronik apa sudah tidak ada menunya
Off .Hati2 Ke hack orang tak tanggung jawab,5,2023-10-10 17:11:52,mantep
Dian Setiorini,5,2023-10-10 12:32:26,siip
Ronald Ikemen,5,2023-10-09 02:38:08,Trimakasih sangat membantu sekali & mengurangi suap di kalangan menengah bawah.kurang nya cuman banyak orang yg belum tau tentang aplikasi ini..apalagi yg orang gaptek.
Daddy,5,2023-10-08 07:28:53,"Afl bagus, memudahkan pelayanan administrasi bs dr mn sj 👍"
Ali Yusuf,5,2023-10-06 12:18:01,Ok banget...
Mas Bro,1,2023-10-05 01:17:12,Proses lama.. jan jane ngopo wae.. kok ora di verifikasi2.. kesuwen.. kerjone ledha ledhe..
kiswanto Wanto,3,2023-10-03 04:04:43,"untuk file juga kurang besar kapasitas nya ,dan file kecil buram tidak diterima"
aqila alma s'tardjo,1,2023-10-03 03:45:50,upload file gak bisa.
Iqbal Murtadho,1,2023-10-03 02:57:33,Ribet pol
dwi Purnomo,1,2023-10-03 01:57:35,aplikasi lelet
Meta MJ,1,2023-10-02 17:37:28,Proses lama
ADITYA PRATAMA,4,2023-10-02 07:58:13,ok
Estarika Dyah,5,2023-10-02 04:07:02,"Alhamdulillah pakai Sidenok Online perubahan KK bisa cepet, KK langsung masuk email dan bisa cetak sendiri"
doni nur,3,2023-09-27 03:07:23,susah masuk*e bulet terus kalau seperti ini bgai mana saya bisa menyelesaikan pengajuan saya
Rio Mustofa,1,2023-09-26 02:36:52,"SAYA SUDAH MINTA SURAT PENGAJUAN DARI RT RW KELURAHAN, KECAMATAN, SAMPE KANTOR CAPIL EH MALAH D SURUH DOWNLOAD APLIKASI INI, INI D OPERASIKAN SANGAT SUSAH APLIKASINYA, KALO GA BISA BIKIN APLIKASI GAUSAH BIKIN!!!!!!!!!!"
Eko Fitriyanto,3,2023-09-23 22:54:32,baru nyoba
Kamila Mia,4,2023-09-23 02:04:17,walau agak mumet
Bachtera Arif R,1,2023-09-19 04:32:40,Susah dipahami tata cara buat KK baru
Bintang Satria,1,2023-09-19 03:03:49,"Kebiasaan, aplikasi pemerintah.. Maintenancenya ""0"".. Anggaran gede, apilikasi bikin sulit.. Buat upload data nggk bisa.."
Delvi Adri,1,2023-09-19 03:01:33,terlalu lama konfirmasi
Arya Deva Riansa,1,2023-09-18 06:25:21,"Sudah ke kelurahan dan kecamatan masih aja suruh online, trus staff kantornya kerja apa kalo ngurus langsung gabisa."
Supri Yanto,5,2023-09-15 06:36:30,Jooosss
Arik Irawan,4,2023-09-15 02:52:53,"uploadnya lama dan sering gagal, seharusnya lsg tarik dari single data KK, semuanya sudah kerecord di situ jd ga byk effor buat upload ini itu"
BaYu Sejati,5,2023-09-13 09:45:47,"aplikasi mempermudah kita yg selalu mobiling ,.."
Keyren Dahayu,1,2023-09-12 08:53:06,Jelek banget aplikasi nya.. Gak bisa cek kk
Amin Ibnu Rusyd,1,2023-09-12 02:43:36,"Mau aplod kebeesaran trus, enak kembali ke awal datang ke dukcapil langsung beres, sekarang 2-3hari ngak selesai2 ngurusin"
Hengki Irawan,5,2023-09-11 06:33:14,apik
Bunda Lia,1,2023-09-07 06:07:10,repot
Pengguna Google,1,2023-09-06 04:34:11,Sampah
Sandoyo Madridista,3,2023-09-05 08:28:37,"Tolong di perbaiki,tata cara setiap pembuatan layanan sangat membingungkan buat pemula ,banyak pilihan pelayanan yang terlalu rumit kurang detail dan bertele tele ,proses verifikasi data juga sangat lama yang sekarang serba online tapi sangat menyulitkan dalam mengurus dokumen"
Farid Siddiq,4,2023-08-22 08:16:03,lumayan membantu lbih praktis
gerry septana,1,2023-08-22 03:59:48,"Tolong dong pemegang aplikasi, atau PIC nya di cek staf2nya,, masak tiap submit pasti ditolaak, adaaa aja alasannya, balik ke offline aja lagi kalo tiap submit bilang nya eror, atau apalah"
Haris Susanto,5,2023-08-14 06:53:46,Bagus
Alexander Agung,1,2023-08-14 03:53:57,Untuk daftar susah apalagi login super susah
Princess Kitty,3,2023-08-10 08:40:11,Knpa lama sekali verifikasinya. Sudah 2minggu gak diproses jg
Dumbbell Hood,1,2023-08-05 11:55:35,"lupa password,kok dpt link tp ttp aja g ad tautan untuk pilhan rubah password,, hadeh"
Karwiono Heni Purwanto,4,2023-08-04 01:00:13,di perbaiki lagi
Diah Septorini123,1,2023-07-31 04:42:10,"Disuruh datang kantor, sama aja offline dong"
Edy Guswantoro,3,2023-07-27 05:18:52,aplikasi untuk ditingkatkan begitu juga dengan responnya harus lebih cepat lagi
Dony patria Dwi raharjo,1,2023-07-23 15:18:58,"Gaa bergunaa , sudah berminggu minggu belum juga di verifikasi"
Condro Q,1,2023-07-23 04:48:40,Kok geetiiing aku... Gawe aplikasi tapi ra isoo di gunake(ò.ó)
aneka indah,1,2023-07-23 02:45:46,"Aplikasi oke, Proses lambat..., tidak bisa komunikasi 2 arah, kembali saja ke manual saja..."
Asmanto Hartono,3,2023-07-20 02:27:56,"Sy bikin KIA ank yg bru,dl sdh pnya 1-5th blm ada ftonya skrng anak sdh 6th bikin yg ada fotonya.pengajuan tgl 18juli 2023 lwt SI D'nOK smpai skrng tgl 20juli ini sy iseng iseng cek pengajuan sy msih diproses.pdhl tgl 18juli 2023panggajuan jm 10pagi eeh jm 4sore sudah dpt email dri SIAK ADMINDUK DITJEN DUKCAPIL KEMENTERIAN DALAM NEGEEI RI,dpt kode QR dan PIN kalau kartu KIA anak sudah bisa dicetak,,dan sy cetak dijogya Alhamdulillah KIA anak jadi.cpt PUSAT prosesnya mlahan drpd daerah(si D'nOK)"
M A,5,2023-07-19 15:03:12,Kok mau upload kk kok g bsa terus padahal file udah 280 kb
Sriyono Sriyono,4,2023-07-14 03:05:45,sangat membantu
Asfa Hamid,2,2023-07-13 07:49:05,dari tgl 10 juli pengajuan akte kelahiran anak belum ada verifikasi juga. Sistem online seharusnya 24 jam sdh selesai. Pengen cepat malah jadi lambat. Mengecewakan
Herman Syah95,1,2023-07-12 03:00:10,"Proses verifikasi lama,pendaftaran online harusnya cepat ini malah lama"
Niken Budi,5,2023-07-11 06:19:47,respon cepat
embun motion,1,2023-07-08 03:45:16,kuota ada...jaringan baik lancar... susah di akses.
filipus arnanda,1,2023-07-07 15:33:39,gagal upload terus gajelas
Arya Kelana,5,2023-06-30 23:19:15,Ok
Barata Ika Ardianto,5,2023-06-21 16:08:27,Bagus
catur wahyu,2,2023-06-20 10:27:39,"menu pada halaman profil tidak lengkap,tidak mendukung cara membenahi data yang salah input ketika akun sudah terlanjur jadi."
Dony Heri,2,2023-06-19 10:08:34,Mau pengajuan KTP elektronik kok g ada menu nya.?
aank atmaja,1,2023-06-16 05:36:43,Hrsnya era digital semua nya bisa di download dan di print kenyataan nya👎👎👎👎👎👎
Feri Riatama,3,2023-06-15 11:15:45,informasi kurang mencukupi untuk mencari atau mengqjukan data
Amanee,2,2023-06-15 03:59:30,Lah layanan E-KTP engga ada Dah lah ga guna2 amat... yg banyak kepake itu padahal
Pieth onthèl orèn,1,2023-06-13 02:36:53,Kok skrg mlh nggak ada menu antrian online buat ngurus ktp baru ? Cemana ini ?
putrie_ayoe 93,2,2023-06-09 04:58:18,sering log out tiba²... saat mau klik menu yg ingin di tuju.. tolong segera di benerin
sahabat motor,2,2023-06-08 01:10:31,Menu KTP el di saya kok ga keluar itu kenapa ya kalo ada yang tau?
Totok Kusumardiyanto,5,2023-06-06 03:53:49,"Alhamdulillah, ada kemudahan dari aplikasi ini. Dan TPDK disdukcapil kec. Gajahmungkur ramah banget."
vian netta,3,2023-06-05 06:00:41,Apakah sekarang tidak bisa lagi pembuatan KTP rusak. Lewat aplikasi ini Sudah pengajuan status diproses Sudah lama blm jadi . Dan fitur pembuatan ktp juga hilang
Mafruhan Yoga,2,2023-06-02 07:10:43,"Apakah ini khusus yang tinggal dikota semarang? Kok saya cari"" gk ada ya yang kab semarang?"
Naga Merah,2,2023-05-29 07:21:12,Untuk perubahan profil biodata tidak bisa....gmna nih ?
Semarang Yes,1,2023-05-27 11:54:35,susah loqin..tombol pertanyaan tidak di dukung papan keyboard
SAHLANI ALLAN,5,2023-05-26 04:56:56,bagus ada appk ini tapi agak susah bagi pemula apalagi bagi orang² yg sdh lansya tambah susah...
Alex Muntana,1,2023-05-25 12:38:56,sangat bingung
Eko Novianto,5,2023-05-24 06:46:28,"cepat,mudah,semoga bisa lebih baik"
Mas Ahmad Official,5,2023-05-24 02:12:36,mmbantu sekali
Budi Prapto Nugroho,4,2023-05-22 13:16:08,good service
Danang Haryo Yudanto,4,2023-05-15 12:00:27,"password salah trs, reset password nik dan kk gk kedaftar, buat akun baru nik dan kk udah terdaftar....piye jal nak ngene trus 😤😤"
Budhi Samuel,2,2023-05-14 02:54:19,Upload Foto file selalu gagal Krn ukuran file maksimal 750 KB padahal kamera sekarang minimal diatas 10 Megapixek
wong ndeso,4,2023-05-08 06:39:41,"Cara sinkronisasi data bagaimana ya? Kenapa No KK bisa berbeda dengan No KK di fisik Kartu Keluarga? Sedangkan NIK dan yang lainnya sesuai,,,sewaktu input data juga sudah sesuai dengan No KK yang ada,namun di sistem muncul No KK berbeda ,,, terus cara melakukan perubahan bagaimana? Jadinya untuk pengajuan selalu ditolak karena no KK di database tdk sama dengan No KK yang diupload"
Yudi Saputro (Rian),5,2023-05-07 11:44:20,Alhamdulillah untuk pengajuan dukomen tidak ada kendala
tempat BUKU,5,2023-05-04 11:59:09,ok
Sulis Rey,5,2023-05-03 01:06:22,sangat membantu
Melda Neng,3,2023-04-28 00:43:35,"Sy msh bingung dgn aplikasi ini, blm prnh dpt sosialisasinya jg dlm hal cara penggunaan aplikasi ini"
Adriansyah Permanahadi,5,2023-04-26 04:33:02,"mohon untuk percepat prosesnya, karena ada aplikasi kalau proses tetap lama sama saja"
Rico Aw,5,2023-04-17 17:01:37,Aplikasi pembasmi calo calo mantap
Muhammad sobar wachid,4,2023-04-17 01:23:35,ok
Arfin Tri Haryono,5,2023-04-16 16:05:41,"so far...apk ini berjalan dengan baik...terbukti saya sudah menggunakanny untuk membuat KIA kedua anak saya, mengurus KTP hilang, mengurus KTP rusak, KK dan akta kelahiran. Maju terus adminduk Semarang Kota 🙏👍👍"
Ahmad Sartono,5,2023-04-05 14:36:14,Lebih efisien dalam hal waktu.kedepannya bisa ditingkatkan lebih baik lagi sesuai dengan jargon pelayanan SEMARANG SEMAKIN HEBAT untuk DISDUKCAPIL SEMARANG SEMAKIN HEBAT lagi.
RAINDRA INDRA 1C,5,2023-04-03 13:38:13,sak pooooole
Rina anggraeni Rangga dinata,5,2023-03-25 17:08:08,sangat membantu
Guntur Ibrahim,5,2023-03-21 05:53:59,sangat membantu untuk warga Semarang yg lagi merantau
sembarang agus,5,2023-03-20 15:28:48,lebih mempermudah masyarakat di jaman skrg...semoga lancar trus app ini..sukses selalu..
Ardianto Prakoso,3,2023-03-15 01:42:36,lumayan slow respon
Prawoto Adhi,5,2023-03-14 06:34:02,Betul ternyata mudah cepat dan terpercaya
Puti Ayu,1,2023-03-08 10:38:37,good
Arya Saputra Rohman (Arya),5,2023-03-01 05:24:57,bagus sangat membantu saya
agnes agista,1,2023-03-01 04:13:21,Sudah di instal tidak bisa dibuka
khoirul gaol,1,2023-03-01 04:04:53,Gk bisa dibuka aplikasinya
Agung waskito 1,5,2023-03-01 03:51:36,Pelayan yg cepat dan mudah 🙏
Roro Monic,4,2023-02-25 13:24:06,masih mengisi bloum tau hasilnya
triadjie muctyw,3,2023-02-24 11:52:34,+ sama = ny gk bsa 😞
Inggar Prasetya Noordika,5,2023-02-21 09:44:32,"terima kasih dukcapil semarang, semoga pelayanan apapun cepat jadi nya"
Arlies Setiabudi,5,2023-02-09 06:13:52,Sangat berguna dan bermanfaat.
Jean-Pierre Dollier,1,2023-02-08 06:12:21,"Tidak bisa dibuka, katanya mengandung bugs"
Muhammad Misbachul Anam,5,2023-02-07 09:54:36,"Terua kembangkan dan semoga tetap aktif, sangat membantu"
Wahyu Setiobudi,5,2023-02-06 10:22:53,"Pelayanan cepat bebas antri dan bebas pungli,good job pokoknya👍"
Aris Himawan,5,2023-02-06 08:14:29,Sangat memudahkan
Rafly Arfianto,1,2023-02-03 07:19:11,"Captcha nya gmn ya? Kok bikin susah gini skrg Angka di perkalian salah, tambah salah, kurang salah. Yg benar caranya gmn?"
Muhammad Nurhasim,2,2023-02-01 10:28:45,"Ku coba dlu,sapa tahu bisa membantu"
Parna,1,2023-01-27 10:01:16,Sangat kecewa sebab tidak semua kecamatan terfaftar salah satunya kecamatan ungaran timur tidak bisa di temukan beserta desa/kelurahan
Dheivianti Rhaka,5,2023-01-26 23:43:32,cepat
nurma sazzazzaili,4,2023-01-25 07:52:13,bagus
Alvin Fahmi,3,2023-01-25 03:39:45,"Aplikasi sudah bagus, upload dokumen cepat, tampilan aplikasi juga OK. Namun sayangnya mengajukan pembuatan KIA, sudah 2 minggu lebih kenapa statusnya ""belum diverifikasi"". Berapa lama waktu yang dibutuhkan untuk verifikasi dokumen? Yuk Semarang Hebat!!!"
Ayahe Jihan86,5,2023-01-24 15:13:45,"terimakasih, si D'nok mantap respon cepat"
Reno24Dhee,1,2023-01-20 08:47:14,"Mohon diijinkan untu pembaruan foto KTP . Masa foto bujang masih sama dengan sekarang udah anak 2 😖 , lalu SIM daripada KTP Buk . SIM terupdate ! Komplain katanya bisa ke pusat , begitu di pusat selang 2 HR dibilang tak ada blangko 😠"
Heru pujianto,5,2023-01-20 01:53:38,cepat
koko,2,2023-01-16 23:45:01,"kalau mau daftar KTP baru kenapa tdk ada, pilihah yg ada hilang dan ktp rusak, trs harus milih apa kalau bikin bru"
Muwafiq Sandria,2,2023-01-12 15:37:05,"Di update la ini bang app nya, masi banyak bug gada nyaman nyamannya."
rizky hutama,5,2023-01-12 04:47:28,"mudah, dan cepat diurusnya.. semarang makin joss dalam membantu masyarakat"
Agus Widodo,5,2023-01-11 02:25:20,sangat membantu
dafa and sister,5,2023-01-10 00:21:05,sngt membantu
Okta Setiya,3,2023-01-09 05:36:12,"Maaf....sebelumnya sudah terinstal, waktu dibuka kenapa harus upgrade dan daftar baru . Carany juga ribet dri pada yg sebelumny lebih mudah"
Kang Bagi,4,2023-01-06 09:42:00,hebatlah
Wisnu Erry Wicaksono,3,2023-01-03 02:33:34,"Aplikasi selalu minta update, setelah di pencet, malah minta install ke perangkat lain. Padahal sebelumnya sdh bisa mengakses."
Nur Jiman,5,2022-12-21 03:29:28,pelayanan di Kec. candisari ramah cepat dan sangat membantu satu hari jadi
Ariyanto tangki air gunung,1,2022-12-16 21:21:42,Udah seminggu gak di respon
Anandya Noor Kholifatussa'diyah,5,2022-12-14 00:13:04,"Aplikasinya sangat membantu, saya mau pecah KK tp tidak punya waktu ke Semarang untuk mengurus, ditawari calo kena 2,5jt terus cari2 dulu cara online nya, nemu aplikasi ini coba pengajuan, mudah jg caranya, eh dalam 1 hari kerja sudah keluar hasilnya (senin malam mengajukan, selasa malam dpt email dari dukcapil) keren keren keren, terimakasih banyak"
Ginevra Bellatrix,1,2022-12-09 12:38:45,"Payah, mau upload ktp untuk ganti ktp rusak gak bisa2"
Gabriella Dominique “-” d,2,2022-12-09 11:23:39,= sama dengan nya dimana sih Susah banget mau masuk
tri korho dharmo,3,2022-12-09 05:40:55,Ini mau update/revisi no kk kok susah ya di akun nya.
Bambang Nugroho Karya Saputra,5,2022-12-08 04:30:49,Hebat... Pengurusan Softcopy KK Online melalui aplikasi Si D'nok dari Semarang ke Papua Barat selesai dalam waktu tidak lebih dari 24 Jam
dadi kajen,1,2022-12-07 17:04:19,Malah ribet... Susah mending pake yg lama aja
Angelo Rois,1,2022-12-03 03:44:28,Bagaimana menggunakan aplikasi ini melalui PC/Laptop
Pak Tri,5,2022-12-02 06:43:20,Aplikasinya sangat membantu sekali
TENGKU A SYAUQI,1,2022-12-01 01:55:12,ganti sandi aja ribet.. bagus yg lama.. harusnya bisa pembaruan tanpa bikin aplikasi baru.. kan cuma ganti foto pejabat walikota aja..
Budi Setya,5,2022-12-01 00:21:54,pelayanan mudah
Cerita Mainan,5,2022-11-28 08:02:09,mohon untuk pembuatan upload dokumen pendukung agar dipermudah
Uzwa Renza,5,2022-11-27 12:15:12,buatt kk baru gimna y
Joko Santoso,1,2022-11-24 03:23:38,Upload KTP susahnya minta ampun. Banyak error nya drpd benernya Wajar sih . Apk pemerintah mana ada sih yg bener
